State,Month,Year,AvgTempC
AK,1,2008,-16.654054054054054
AK,1,2009,-16.57322834645669
AK,1,2010,-14.33333333333333
AK,1,2011,-12.333093525179857
AK,1,2012,-20.6568345323741
AK,2,2009,-12.783088235294116
AK,2,2010,-9.275352112676057
AK,2,2011,-13.372727272727271
AK,3,2008,-8.96439393939394
AK,3,2009,-11.61888111888112
AK,3,2010,-8.616891891891893
AK,3,2011,-9.340666666666666
AK,3,2012,-9.48235294117647
AK,4,2008,-2.811627906976744
AK,4,2009,-1.1635714285714287
AK,4,2010,-0.0331081081081081
AK,4,2011,-1.6906666666666668
AK,4,2012,0.5487179487179488
AK,5,2008,5.4601503759398495
AK,5,2009,6.990476190476191
AK,5,2010,7.904545454545454
AK,5,2011,7.112258064516129
AK,5,2012,3.8579617834394906
AK,6,2008,10.983673469387757
AK,6,2009,11.511764705882353
AK,6,2010,11.30920245398773
AK,6,2011,11.170552147239263
AK,6,2012,10.004166666666666
AK,7,2008,11.502649006622516
AK,7,2009,15.32264150943396
AK,7,2010,12.339520958083831
AK,7,2011,12.60062893081761
AK,7,2012,11.852
AK,8,2008,9.42012987012987
AK,8,2009,10.734615384615385
AK,8,2010,11.656962025316457
AK,8,2011,10.635928143712576
AK,8,2012,9.7731843575419
AK,9,2008,5.046031746031746
AK,9,2009,6.811347517730497
AK,9,2010,6.677551020408163
AK,9,2011,6.728125
AK,9,2012,4.825988700564972
AK,10,2008,-6.449664429530201
AK,10,2009,-0.037086092715231785
AK,10,2010,-1.624025974025974
AK,10,2011,-0.8907407407407405
AK,10,2012,-3.938121546961326
AK,11,2008,-11.104137931034483
AK,11,2009,-12.152777777777777
AK,11,2010,-7.307746478873239
AK,11,2011,-14.816149068322979
AK,11,2012,-14.17909604519774
AK,12,2008,-14.251851851851855
AK,12,2009,-10.677697841726618
AK,12,2010,-17.73111111111111
AK,12,2011,-10.173684210526316
AK,12,2012,-16.861146496815287
AL,1,2008,5.76
AL,1,2009,7.683333333333333
AL,1,2010,4.383333333333333
AL,1,2011,5.416666666666666
AL,1,2012,10.65
AL,2,2009,9.3
AL,2,2010,4.585714285714285
AL,2,2011,10.26
AL,3,2008,12.942857142857145
AL,3,2009,14.05
AL,3,2010,10.642857142857144
AL,3,2011,14.5
AL,3,2012,17.98333333333333
AL,4,2008,17.06
AL,4,2009,16.54285714285714
AL,4,2010,18.1
AL,4,2011,19.366666666666664
AL,4,2012,18.6
AL,5,2008,21.633333333333333
AL,5,2009,21.1
AL,5,2010,22.5
AL,5,2011,21.516666666666662
AL,5,2012,22.64
AL,6,2008,25.65
AL,6,2009,25.842857142857145
AL,6,2010,26.514285714285716
AL,6,2011,26.9
AL,6,2012,25.083333333333332
AL,7,2008,26.2
AL,7,2009,25.185714285714283
AL,7,2010,27.471428571428568
AL,7,2011,27.05
AL,7,2012,26.85
AL,8,2008,25.383333333333333
AL,8,2009,24.8
AL,8,2010,27.314285714285717
AL,8,2011,27.41666666666666
AL,8,2012,25.3
AL,9,2008,23.18333333333333
AL,9,2009,22.842857142857145
AL,9,2010,24.71666666666666
AL,9,2011,22.08
AL,9,2012,22.48333333333333
AL,10,2008,16.6
AL,10,2009,17.4
AL,10,2010,18.18333333333333
AL,10,2011,15.933333333333332
AL,10,2012,16.85
AL,11,2008,10.783333333333331
AL,11,2009,10.54
AL,11,2010,13.18
AL,11,2011,13.266666666666666
AL,11,2012,11.05
AL,12,2008,10.58
AL,12,2009,6.44
AL,12,2010,4.966666666666667
AL,12,2011,10.133333333333331
AL,12,2012,10.65
AR,1,2008,3.575
AR,1,2009,11.45
AR,1,2010,1.8666666666666667
AR,1,2011,2.08
AR,1,2012,6.24
AR,2,2009,8.4
AR,2,2010,1.72
AR,2,2011,5.62
AR,3,2008,10.08
AR,3,2009,11.0
AR,3,2010,9.22
AR,3,2011,10.516666666666666
AR,3,2012,15.64
AR,4,2008,13.84
AR,4,2009,14.58333333333333
AR,4,2010,16.516666666666666
AR,4,2011,16.866666666666667
AR,4,2012,17.116666666666667
AR,5,2008,19.383333333333333
AR,5,2009,18.74
AR,5,2010,20.6
AR,5,2011,18.73333333333333
AR,5,2012,22.333333333333332
AR,6,2008,24.016666666666662
AR,6,2009,25.24
AR,6,2010,26.26
AR,6,2011,26.93333333333333
AR,6,2012,25.84
AR,7,2008,26.05
AR,7,2009,24.833333333333332
AR,7,2010,26.56
AR,7,2011,29.1
AR,7,2012,28.4
AR,8,2008,24.35
AR,8,2009,23.766666666666662
AR,8,2010,28.2
AR,8,2011,27.9
AR,8,2012,26.333333333333332
AR,9,2008,20.366666666666664
AR,9,2009,20.0
AR,9,2010,22.316666666666663
AR,9,2011,20.25
AR,9,2012,22.46666666666666
AR,10,2008,14.48333333333333
AR,10,2009,12.74
AR,10,2010,15.98333333333333
AR,10,2011,15.516666666666666
AR,10,2012,14.766666666666666
AR,11,2008,8.566666666666666
AR,11,2009,11.14
AR,11,2010,10.166666666666666
AR,11,2011,11.116666666666665
AR,11,2012,10.383333333333331
AR,12,2008,4.05
AR,12,2009,2.02
AR,12,2010,3.56
AR,12,2011,5.7
AR,12,2012,6.95
AZ,1,2008,1.5621951219512196
AZ,1,2009,4.418823529411765
AZ,1,2010,2.75375
AZ,1,2011,2.801190476190476
AZ,1,2012,4.447058823529412
AZ,2,2009,4.855952380952381
AZ,2,2010,2.967857142857143
AZ,2,2011,2.183132530120482
AZ,3,2008,7.458024691358024
AZ,3,2009,7.795294117647059
AZ,3,2010,5.539080459770115
AZ,3,2011,8.444186046511629
AZ,3,2012,7.378571428571427
AZ,4,2008,11.21547619047619
AZ,4,2009,10.19047619047619
AZ,4,2010,8.852325581395347
AZ,4,2011,11.133720930232558
AZ,4,2012,12.252325581395347
AZ,5,2008,13.988235294117649
AZ,5,2009,17.667073170731708
AZ,5,2010,13.381176470588237
AZ,5,2011,13.768604651162791
AZ,5,2012,17.36279069767442
AZ,6,2008,21.958333333333332
AZ,6,2009,18.617647058823525
AZ,6,2010,20.360919540229883
AZ,6,2011,21.04659090909091
AZ,6,2012,22.704651162790693
AZ,7,2008,23.013953488372092
AZ,7,2009,23.40114942528736
AZ,7,2010,22.345348837209304
AZ,7,2011,22.057954545454542
AZ,7,2012,21.717857142857145
AZ,8,2008,24.301162790697678
AZ,8,2009,22.198837209302322
AZ,8,2010,21.16022727272727
AZ,8,2011,23.069411764705883
AZ,8,2012,21.889534883720927
AZ,9,2008,18.522352941176475
AZ,9,2009,18.621839080459768
AZ,9,2010,19.968604651162792
AZ,9,2011,18.902298850574713
AZ,9,2012,18.519540229885056
AZ,10,2008,44.48965517241379
AZ,10,2009,11.410843373493977
AZ,10,2010,12.747126436781608
AZ,10,2011,13.165909090909091
AZ,10,2012,13.875280898876403
AZ,11,2008,14.811764705882352
AZ,11,2009,8.382558139534883
AZ,11,2010,5.45
AZ,11,2011,6.093023255813954
AZ,11,2012,8.604545454545454
AZ,12,2008,3.1012345679012343
AZ,12,2009,0.9621951219512196
AZ,12,2010,5.076470588235295
AZ,12,2011,1.4535714285714285
AZ,12,2012,2.4238636363636363
CA,1,2008,3.451219512195122
CA,1,2009,7.4676470588235295
CA,1,2010,6.277777777777778
CA,1,2011,6.647635135135135
CA,1,2012,6.993197278911564
CA,2,2009,5.725239616613418
CA,2,2010,6.458917197452228
CA,2,2011,4.7758389261744965
CA,3,2008,8.00364238410596
CA,3,2009,7.5591639871382625
CA,3,2010,7.70923566878981
CA,3,2011,7.039666666666666
CA,3,2012,6.97257525083612
CA,4,2008,10.241721854304636
CA,4,2009,10.286495176848874
CA,4,2010,8.17515923566879
CA,4,2011,9.061563517915308
CA,4,2012,10.807
CA,5,2008,13.98603896103896
CA,5,2009,16.65280528052805
CA,5,2010,11.181935483870967
CA,5,2011,11.231699346405229
CA,5,2012,15.05359477124183
CA,6,2008,19.4301948051948
CA,6,2009,16.951456310679614
CA,6,2010,17.759105431309905
CA,6,2011,16.4375
CA,6,2012,17.74916387959866
CA,7,2008,22.412218649517683
CA,7,2009,23.05552050473186
CA,7,2010,21.852564102564102
CA,7,2011,20.825827814569536
CA,7,2012,21.3314381270903
CA,8,2008,22.32875
CA,8,2009,21.451242236024846
CA,8,2010,20.349843260188088
CA,8,2011,21.614743589743586
CA,8,2012,23.130921052631578
CA,9,2008,19.96386292834891
CA,9,2009,20.588571428571427
CA,9,2010,18.890536277602525
CA,9,2011,20.194098360655737
CA,9,2012,20.71875
CA,10,2008,14.786750788643532
CA,10,2009,12.575078864353312
CA,10,2010,13.264968152866242
CA,10,2011,14.149185667752445
CA,10,2012,14.3814332247557
CA,11,2008,10.613461538461538
CA,11,2009,8.942946708463948
CA,11,2010,7.571895424836602
CA,11,2011,7.279411764705881
CA,11,2012,9.398045602605864
CA,12,2008,4.499664429530201
CA,12,2009,4.214563106796117
CA,12,2010,6.237847222222222
CA,12,2011,5.169205298013245
CA,12,2012,4.270431893687708
CO,1,2008,-8.261333333333333
CO,1,2009,-3.9509554140127383
CO,1,2010,-5.237974683544304
CO,1,2011,-6.427710843373494
CO,1,2012,-4.087349397590361
CO,2,2009,-3.581290322580645
CO,2,2010,-6.460248447204969
CO,2,2011,-6.056
CO,3,2008,-2.825949367088608
CO,3,2009,-0.3291139240506329
CO,3,2010,-1.5426829268292683
CO,3,2011,-0.20481927710843373
CO,3,2012,1.9748466257668713
CO,4,2008,0.9178343949044584
CO,4,2009,1.3018987341772152
CO,4,2010,1.986060606060606
CO,4,2011,1.583734939759036
CO,4,2012,4.368639053254437
CO,5,2008,5.374342105263158
CO,5,2009,7.808387096774194
CO,5,2010,6.063125
CO,5,2011,5.243975903614458
CO,5,2012,8.545562130177514
CO,6,2008,11.646710526315788
CO,6,2009,10.285161290322579
CO,6,2010,13.00128205128205
CO,6,2011,13.253987730061347
CO,6,2012,15.525454545454544
CO,7,2008,15.243137254901958
CO,7,2009,14.238157894736842
CO,7,2010,15.184713375796179
CO,7,2011,15.244585987261146
CO,7,2012,16.041509433962265
CO,8,2008,13.706329113924049
CO,8,2009,13.352941176470589
CO,8,2010,13.760736196319018
CO,8,2011,15.324074074074074
CO,8,2012,14.577647058823526
CO,9,2008,9.863057324840765
CO,9,2009,9.659493670886077
CO,9,2010,12.150306748466257
CO,9,2011,10.31497005988024
CO,9,2012,10.649404761904762
CO,10,2008,4.725949367088608
CO,10,2009,1.9322784810126583
CO,10,2010,5.233132530120481
CO,10,2011,4.391463414634146
CO,10,2012,4.943030303030303
CO,11,2008,-0.1391304347826087
CO,11,2009,0.2575949367088608
CO,11,2010,-2.7551515151515154
CO,11,2011,-1.7497041420118344
CO,11,2012,0.9301204819277106
CO,12,2008,-5.362580645161289
CO,12,2009,-8.552702702702703
CO,12,2010,-2.853048780487805
CO,12,2011,-5.94746835443038
CO,12,2012,-5.831927710843374
DE,1,2008,3.4
DE,1,2009,-0.2
DE,1,2010,1.0
DE,1,2011,-0.2
DE,1,2012,4.8
DE,2,2009,4.2
DE,2,2010,0.5
DE,2,2011,4.5
DE,3,2008,8.2
DE,3,2009,6.5
DE,3,2010,9.1
DE,3,2011,7.1
DE,3,2012,10.9
DE,4,2008,12.8
DE,4,2009,13.1
DE,4,2010,14.7
DE,4,2011,14.5
DE,4,2012,13.4
DE,5,2008,16.7
DE,5,2009,17.7
DE,5,2010,18.9
DE,5,2011,19.1
DE,5,2012,19.4
DE,6,2008,24.4
DE,6,2009,21.1
DE,6,2010,25.0
DE,6,2011,23.8
DE,6,2012,22.4
DE,7,2008,25.2
DE,7,2009,23.5
DE,7,2010,26.6
DE,7,2011,26.5
DE,7,2012,26.6
DE,8,2008,22.9
DE,8,2009,24.8
DE,8,2010,24.7
DE,8,2011,24.0
DE,8,2012,24.6
DE,9,2008,21.1
DE,9,2009,19.8
DE,9,2010,22.1
DE,9,2011,21.6
DE,9,2012,20.5
DE,10,2008,13.7
DE,10,2009,14.9
DE,10,2010,15.3
DE,10,2011,14.4
DE,10,2012,15.7
DE,11,2008,7.9
DE,11,2009,11.1
DE,11,2010,9.1
DE,11,2011,11.3
DE,11,2012,7.3
DE,12,2008,5.6
DE,12,2009,3.7
DE,12,2010,0.1
DE,12,2011,7.3
DE,12,2012,7.3
FL,1,2008,14.4875
FL,1,2009,13.8
FL,1,2010,11.505882352941176
FL,1,2011,12.26875
FL,1,2012,15.23125
FL,2,2009,14.117647058823527
FL,2,2010,11.970588235294116
FL,2,2011,16.158823529411762
FL,3,2008,18.152941176470588
FL,3,2009,17.917647058823526
FL,3,2010,15.11875
FL,3,2011,18.735294117647054
FL,3,2012,20.575
FL,4,2008,20.73125
FL,4,2009,21.06
FL,4,2010,20.83125
FL,4,2011,22.52
FL,4,2012,21.12666666666666
FL,5,2008,24.06
FL,5,2009,24.013333333333332
FL,5,2010,25.35882352941176
FL,5,2011,23.94375
FL,5,2012,24.74
FL,6,2008,26.04375
FL,6,2009,27.075
FL,6,2010,27.747058823529407
FL,6,2011,26.75625
FL,6,2012,26.07333333333333
FL,7,2008,26.68125
FL,7,2009,27.14705882352941
FL,7,2010,27.99375
FL,7,2011,27.23333333333333
FL,7,2012,27.015384615384612
FL,8,2008,26.975
FL,8,2009,27.16470588235294
FL,8,2010,27.7875
FL,8,2011,27.77142857142857
FL,8,2012,26.953846153846158
FL,9,2008,26.30666666666666
FL,9,2009,26.36875
FL,9,2010,26.341176470588238
FL,9,2011,25.95333333333333
FL,9,2012,25.838461538461537
FL,10,2008,21.96875
FL,10,2009,23.85625
FL,10,2010,22.135294117647057
FL,10,2011,21.205882352941178
FL,10,2012,22.884615384615387
FL,11,2008,16.64375
FL,11,2009,18.49411764705882
FL,11,2010,18.09375
FL,11,2011,18.96470588235294
FL,11,2012,16.757142857142853
FL,12,2008,16.728571428571428
FL,12,2009,15.513333333333332
FL,12,2010,10.0
FL,12,2011,17.6
FL,12,2012,16.984615384615385
GA,1,2008,6.788
GA,1,2009,7.4
GA,1,2010,4.646428571428571
GA,1,2011,4.816666666666666
GA,1,2012,9.355172413793104
GA,2,2009,8.478571428571428
GA,2,2010,4.986206896551724
GA,2,2011,10.017241379310345
GA,3,2008,12.379310344827585
GA,3,2009,13.022222222222222
GA,3,2010,10.656666666666666
GA,3,2011,13.623333333333331
GA,3,2012,17.4
GA,4,2008,16.732142857142854
GA,4,2009,16.751851851851853
GA,4,2010,17.93333333333333
GA,4,2011,18.817241379310342
GA,4,2012,18.28666666666666
GA,5,2008,21.003448275862066
GA,5,2009,20.841379310344827
GA,5,2010,22.37
GA,5,2011,21.64333333333333
GA,5,2012,22.313793103448276
GA,6,2008,25.482142857142854
GA,6,2009,25.64333333333333
GA,6,2010,26.220689655172414
GA,6,2011,26.263333333333332
GA,6,2012,23.953571428571426
GA,7,2008,25.457142857142856
GA,7,2009,24.746666666666663
GA,7,2010,27.01724137931034
GA,7,2011,26.848275862068963
GA,7,2012,26.75333333333333
GA,8,2008,25.126923076923077
GA,8,2009,24.77
GA,8,2010,26.603571428571428
GA,8,2011,27.093103448275865
GA,8,2012,24.432142857142853
GA,9,2008,22.842307692307685
GA,9,2009,22.458620689655167
GA,9,2010,23.782758620689652
GA,9,2011,22.335714285714285
GA,9,2012,22.17241379310345
GA,10,2008,16.12962962962963
GA,10,2009,17.131034482758622
GA,10,2010,17.43103448275862
GA,10,2011,15.780769230769229
GA,10,2012,16.996666666666666
GA,11,2008,10.579166666666666
GA,11,2009,12.339285714285714
GA,11,2010,12.082142857142856
GA,11,2011,13.025
GA,11,2012,10.856666666666666
GA,12,2008,10.303703703703704
GA,12,2009,7.439285714285713
GA,12,2010,3.6892857142857136
GA,12,2011,9.904
GA,12,2012,10.296428571428573
HI,1,2008,18.02857142857143
HI,1,2009,17.721052631578946
HI,1,2010,18.788888888888888
HI,1,2011,18.427777777777777
HI,1,2012,19.254545454545454
HI,2,2009,18.29
HI,2,2010,18.085
HI,2,2011,19.62
HI,3,2008,19.821739130434786
HI,3,2009,17.595
HI,3,2010,18.068421052631578
HI,3,2011,19.78
HI,3,2012,17.0
HI,4,2008,19.791304347826088
HI,4,2009,18.295238095238094
HI,4,2010,18.821052631578947
HI,4,2011,19.46470588235294
HI,4,2012,18.836842105263162
HI,5,2008,20.327272727272728
HI,5,2009,20.275
HI,5,2010,20.184210526315788
HI,5,2011,19.758823529411764
HI,5,2012,20.042857142857144
HI,6,2008,21.36521739130435
HI,6,2009,21.463157894736838
HI,6,2010,21.05
HI,6,2011,20.1375
HI,6,2012,21.46666666666666
HI,7,2008,21.995652173913044
HI,7,2009,22.119047619047617
HI,7,2010,20.76111111111111
HI,7,2011,20.4375
HI,7,2012,22.38947368421053
HI,8,2008,21.863636363636363
HI,8,2009,22.652380952380952
HI,8,2010,21.357894736842105
HI,8,2011,21.495
HI,8,2012,22.88947368421053
HI,9,2008,21.6
HI,9,2009,22.863636363636363
HI,9,2010,21.684210526315788
HI,9,2011,21.27
HI,9,2012,22.145
HI,10,2008,21.114285714285714
HI,10,2009,21.84210526315789
HI,10,2010,21.344444444444445
HI,10,2011,21.02857142857143
HI,10,2012,20.963157894736838
HI,11,2008,20.095
HI,11,2009,20.268421052631577
HI,11,2010,20.172222222222224
HI,11,2011,19.952380952380953
HI,11,2012,19.605
HI,12,2008,18.83157894736842
HI,12,2009,19.16
HI,12,2010,19.25
HI,12,2011,19.15
HI,12,2012,19.105263157894736
IA,1,2008,-7.2
IA,1,2009,-7.55
IA,1,2011,-7.95
IA,1,2012,-1.1
IA,2,2009,-1.65
IA,2,2010,-7.05
IA,2,2011,-3.45
IA,3,2008,1.6
IA,3,2009,4.0
IA,3,2010,4.15
IA,3,2011,3.2
IA,3,2012,12.7
IA,4,2008,8.4
IA,4,2009,9.65
IA,4,2010,14.0
IA,4,2011,10.0
IA,4,2012,13.2
IA,5,2008,15.65
IA,5,2009,17.15
IA,5,2010,16.5
IA,5,2011,16.5
IA,5,2012,19.3
IA,6,2008,21.65
IA,6,2009,21.5
IA,6,2010,21.95
IA,6,2011,22.1
IA,6,2012,23.65
IA,7,2008,23.95
IA,7,2009,21.25
IA,7,2010,24.95
IA,7,2011,26.85
IA,7,2012,27.75
IA,8,2008,22.2
IA,8,2009,21.3
IA,8,2010,24.9
IA,8,2011,23.45
IA,8,2012,22.85
IA,9,2008,17.9
IA,9,2009,17.8
IA,9,2010,17.9
IA,9,2011,16.7
IA,9,2012,17.95
IA,10,2008,11.6
IA,10,2009,7.75
IA,10,2010,12.9
IA,10,2011,13.25
IA,10,2012,10.3
IA,11,2008,3.35
IA,11,2009,7.05
IA,11,2010,4.1
IA,11,2011,5.15
IA,11,2012,5.25
IA,12,2008,-6.35
IA,12,2009,-5.6
IA,12,2010,-4.9
IA,12,2011,-0.6
IA,12,2012,-1.65
ID,1,2008,-6.694927536231884
ID,1,2009,-3.7605633802816896
ID,1,2010,-2.4195945945945945
ID,1,2011,-4.388356164383562
ID,1,2012,-3.2608108108108107
ID,2,2009,-2.880555555555556
ID,2,2010,-2.5912751677852346
ID,2,2011,-4.704054054054055
ID,3,2008,-1.9412587412587412
ID,3,2009,-1.5853146853146851
ID,3,2010,0.4436241610738256
ID,3,2011,-0.285234899328859
ID,3,2012,1.2513888888888889
ID,4,2008,1.1324137931034484
ID,4,2009,3.285314685314685
ID,4,2010,2.9751677852348997
ID,4,2011,0.9027397260273972
ID,4,2012,5.301986754966888
ID,5,2008,8.06326530612245
ID,5,2009,9.195918367346938
ID,5,2010,5.061744966442953
ID,5,2011,6.113013698630136
ID,5,2012,8.210596026490066
ID,6,2008,12.501324503311258
ID,6,2009,11.876510067114094
ID,6,2010,11.568666666666665
ID,6,2011,10.843333333333332
ID,6,2012,12.761437908496733
ID,7,2008,18.3961038961039
ID,7,2009,17.72193548387097
ID,7,2010,16.9275641025641
ID,7,2011,17.08476821192053
ID,7,2012,19.223376623376623
ID,8,2008,17.168987341772155
ID,8,2009,16.337974683544303
ID,8,2010,15.79935064935065
ID,8,2011,17.9541935483871
ID,8,2012,18.72051282051282
ID,9,2008,12.039240506329113
ID,9,2009,14.458974358974361
ID,9,2010,12.404545454545454
ID,9,2011,14.326923076923077
ID,9,2012,13.76153846153846
ID,10,2008,5.710666666666667
ID,10,2009,2.7585526315789477
ID,10,2010,7.124342105263158
ID,10,2011,5.926973684210527
ID,10,2012,5.27248322147651
ID,11,2008,1.8463087248322148
ID,11,2009,-0.3173333333333333
ID,11,2010,-1.7
ID,11,2011,-1.766225165562914
ID,11,2012,1.127814569536424
ID,12,2008,-5.621527777777778
ID,12,2009,-7.244897959183674
ID,12,2010,-3.398657718120805
ID,12,2011,-4.2288590604026846
ID,12,2012,-4.157432432432432
IL,1,2008,0.6666666666666666
IL,1,2009,-0.7666666666666666
IL,1,2010,-1.0333333333333332
IL,1,2011,-0.8666666666666666
IL,1,2012,3.8
IL,2,2009,4.333333333333333
IL,2,2010,0.1666666666666667
IL,2,2011,3.6666666666666665
IL,3,2008,8.05
IL,3,2009,10.366666666666665
IL,3,2010,8.933333333333334
IL,3,2011,8.833333333333332
IL,3,2012,15.866666666666665
IL,4,2008,13.066666666666666
IL,4,2009,13.966666666666665
IL,4,2010,17.0
IL,4,2011,16.133333333333333
IL,4,2012,15.83333333333333
IL,5,2008,17.866666666666667
IL,5,2009,18.766666666666662
IL,5,2010,20.3
IL,5,2011,18.53333333333333
IL,5,2012,22.3
IL,6,2008,24.53333333333333
IL,6,2009,24.833333333333332
IL,6,2010,26.16666666666666
IL,6,2011,25.03333333333333
IL,6,2012,24.633333333333333
IL,7,2008,25.16666666666666
IL,7,2009,23.066666666666663
IL,7,2010,26.566666666666663
IL,7,2011,27.46666666666666
IL,7,2012,28.133333333333333
IL,8,2008,23.66666666666666
IL,8,2009,23.43333333333333
IL,8,2010,26.566666666666663
IL,8,2011,25.266666666666662
IL,8,2012,24.9
IL,9,2008,20.93333333333333
IL,9,2009,20.8
IL,9,2010,21.366666666666664
IL,9,2011,19.066666666666663
IL,9,2012,19.9
IL,10,2008,14.266666666666666
IL,10,2009,12.3
IL,10,2010,15.533333333333331
IL,10,2011,14.2
IL,10,2012,13.2
IL,11,2008,6.7
IL,11,2009,10.83333333333333
IL,11,2010,8.866666666666665
IL,11,2011,10.033333333333331
IL,11,2012,7.466666666666666
IL,12,2008,1.8
IL,12,2009,1.6
IL,12,2010,-0.2666666666666667
IL,12,2011,5.033333333333333
IL,12,2012,6.3
IN,1,2008,-1.7666666666666668
IN,1,2009,-1.95
IN,1,2010,-3.075
IN,1,2011,-3.225
IN,1,2012,1.225
IN,2,2009,4.075
IN,2,2010,-2.075
IN,2,2011,1.525
IN,3,2008,4.775
IN,3,2009,8.025
IN,3,2010,7.3
IN,3,2011,6.325
IN,3,2012,12.866666666666665
IN,4,2008,12.05
IN,4,2009,11.925
IN,4,2010,15.075
IN,4,2011,13.125
IN,4,2012,12.475
IN,5,2008,15.325
IN,5,2009,16.93333333333333
IN,5,2010,18.275
IN,5,2011,16.7
IN,5,2012,19.775
IN,6,2008,21.96666666666666
IN,6,2009,21.766666666666662
IN,6,2010,23.45
IN,6,2011,22.05
IN,6,2012,22.35
IN,7,2008,22.9
IN,7,2009,20.825
IN,7,2010,24.925
IN,7,2011,25.8
IN,7,2012,26.325
IN,8,2008,22.175
IN,8,2009,21.7
IN,8,2010,24.75
IN,8,2011,23.175
IN,8,2012,22.266666666666662
IN,9,2008,19.875
IN,9,2009,18.725
IN,9,2010,19.925
IN,9,2011,17.475
IN,9,2012,17.95
IN,10,2008,12.625
IN,10,2009,10.8
IN,10,2010,13.575
IN,10,2011,12.375
IN,10,2012,11.775
IN,11,2008,5.25
IN,11,2009,8.966666666666665
IN,11,2010,6.975
IN,11,2011,9.175
IN,11,2012,5.833333333333333
IN,12,2008,-0.325
IN,12,2009,-0.03333333333333333
IN,12,2010,-2.5
IN,12,2011,3.575
IN,12,2012,5.0
KS,1,2008,-0.4333333333333333
KS,1,2009,0.45
KS,1,2010,-2.333333333333333
KS,1,2011,-2.2
KS,1,2012,2.166666666666667
KS,2,2009,4.433333333333333
KS,2,2010,-0.9333333333333332
KS,2,2011,-0.3333333333333333
KS,3,2008,6.3
KS,3,2009,7.533333333333333
KS,3,2010,7.033333333333333
KS,3,2011,6.966666666666667
KS,3,2012,13.4
KS,4,2008,11.066666666666666
KS,4,2009,11.766666666666666
KS,4,2010,14.6
KS,4,2011,13.433333333333332
KS,4,2012,15.6
KS,5,2008,18.133333333333333
KS,5,2009,17.833333333333332
KS,5,2010,17.3
KS,5,2011,17.766666666666666
KS,5,2012,21.03333333333333
KS,6,2008,23.766666666666662
KS,6,2009,24.0
KS,6,2010,25.366666666666664
KS,6,2011,25.633333333333333
KS,6,2012,25.866666666666664
KS,7,2008,25.73333333333333
KS,7,2009,24.566666666666663
KS,7,2010,26.333333333333332
KS,7,2011,29.766666666666662
KS,7,2012,29.46666666666666
KS,8,2008,23.7
KS,8,2009,23.5
KS,8,2010,26.1
KS,8,2011,27.43333333333333
KS,8,2012,24.9
KS,9,2008,18.96666666666666
KS,9,2009,18.46666666666666
KS,9,2010,21.5
KS,9,2011,19.0
KS,9,2012,20.23333333333333
KS,10,2008,13.033333333333331
KS,10,2009,9.5
KS,10,2010,14.7
KS,10,2011,14.0
KS,10,2012,12.4
KS,11,2008,6.833333333333333
KS,11,2009,8.366666666666665
KS,11,2010,6.15
KS,11,2011,6.3
KS,11,2012,8.466666666666665
KS,12,2008,0.2
KS,12,2009,-2.533333333333333
KS,12,2010,0.2333333333333333
KS,12,2011,0.2
KS,12,2012,1.5666666666666669
KY,1,2008,1.2714285714285714
KY,1,2009,0.3
KY,1,2010,-0.8111111111111111
KY,1,2011,-0.66
KY,1,2012,4.155555555555556
KY,2,2009,4.14
KY,2,2010,-0.4
KY,2,2011,4.72
KY,3,2008,8.216666666666665
KY,3,2009,10.96
KY,3,2010,8.511111111111111
KY,3,2011,8.65
KY,3,2012,14.9125
KY,4,2008,13.6875
KY,4,2009,14.11
KY,4,2010,16.577777777777776
KY,4,2011,15.76
KY,4,2012,14.59
KY,5,2008,17.255555555555556
KY,5,2009,18.522222222222226
KY,5,2010,19.91
KY,5,2011,18.055555555555554
KY,5,2012,20.875
KY,6,2008,23.44
KY,6,2009,23.08
KY,6,2010,24.83
KY,6,2011,23.0375
KY,6,2012,23.28333333333333
KY,7,2008,24.077777777777776
KY,7,2009,22.02
KY,7,2010,25.63
KY,7,2011,25.87142857142857
KY,7,2012,26.11111111111111
KY,8,2008,23.43333333333333
KY,8,2009,23.06
KY,8,2010,25.43333333333333
KY,8,2011,24.4125
KY,8,2012,23.61111111111111
KY,9,2008,21.65
KY,9,2009,20.23333333333333
KY,9,2010,21.21
KY,9,2011,19.17142857142857
KY,9,2012,19.43333333333333
KY,10,2008,13.88
KY,10,2009,12.522222222222222
KY,10,2010,14.766666666666666
KY,10,2011,13.444444444444445
KY,10,2012,12.771428571428572
KY,11,2008,6.55
KY,11,2009,15.09
KY,11,2010,8.766666666666666
KY,11,2011,10.59
KY,11,2012,7.044444444444445
KY,12,2008,3.14
KY,12,2009,2.55
KY,12,2010,-1.36
KY,12,2011,5.78
KY,12,2012,6.475
LA,1,2008,8.08
LA,1,2009,9.357142857142856
LA,1,2010,7.271428571428571
LA,1,2011,7.7
LA,1,2012,12.342857142857143
LA,2,2009,12.4
LA,2,2010,6.5
LA,2,2011,11.025
LA,3,2008,15.4375
LA,3,2009,14.814285714285715
LA,3,2010,12.842857142857143
LA,3,2011,16.357142857142854
LA,3,2012,19.35
LA,4,2008,18.7375
LA,4,2009,18.357142857142854
LA,4,2010,19.6875
LA,4,2011,21.775
LA,4,2012,20.5625
LA,5,2008,23.2875
LA,5,2009,23.214285714285715
LA,5,2010,24.85
LA,5,2011,23.3625
LA,5,2012,24.3625
LA,6,2008,26.6375
LA,6,2009,27.383333333333333
LA,6,2010,28.1
LA,6,2011,28.7875
LA,6,2012,27.05
LA,7,2008,28.1375
LA,7,2009,27.614285714285714
LA,7,2010,28.175
LA,7,2011,28.65
LA,7,2012,27.425
LA,8,2008,26.7375
LA,8,2009,26.8
LA,8,2010,28.9375
LA,8,2011,30.45
LA,8,2012,27.4375
LA,9,2008,23.014285714285716
LA,9,2009,24.314285714285717
LA,9,2010,26.25
LA,9,2011,24.275
LA,9,2012,24.7875
LA,10,2008,19.285714285714285
LA,10,2009,18.5875
LA,10,2010,20.05
LA,10,2011,18.471428571428568
LA,10,2012,18.4875
LA,11,2008,12.614285714285714
LA,11,2009,13.8125
LA,11,2010,14.275
LA,11,2011,14.885714285714284
LA,11,2012,13.3375
LA,12,2008,10.428571428571427
LA,12,2009,8.485714285714284
LA,12,2010,9.1375
LA,12,2011,9.7
LA,12,2012,12.5125
MA,1,2008,0.7
MA,1,2009,-1.85
MA,1,2010,-1.05
MA,1,2011,-1.0
MA,1,2012,2.3
MA,2,2009,0.8
MA,2,2010,0.05
MA,2,2011,0.3
MA,3,2008,2.65
MA,3,2009,2.85
MA,3,2010,5.45
MA,3,2011,3.1
MA,3,2012,6.3
MA,4,2008,7.9
MA,4,2009,8.45
MA,4,2010,9.7
MA,4,2011,8.8
MA,4,2012,10.0
MA,5,2008,11.65
MA,5,2009,12.65
MA,5,2010,15.0
MA,5,2011,13.2
MA,5,2012,14.4
MA,6,2008,19.55
MA,6,2009,15.15
MA,6,2010,18.9
MA,6,2011,17.6
MA,6,2012,17.7
MA,7,2008,22.6
MA,7,2009,19.7
MA,7,2010,23.0
MA,7,2011,22.5
MA,7,2012,22.5
MA,8,2008,19.9
MA,8,2009,21.9
MA,8,2010,21.0
MA,8,2011,21.3
MA,8,2012,22.4
MA,9,2008,17.55
MA,9,2009,16.8
MA,9,2010,18.9
MA,9,2011,18.5
MA,9,2012,17.9
MA,10,2008,11.0
MA,10,2009,10.95
MA,10,2010,12.6
MA,10,2011,13.7
MA,10,2012,13.6
MA,11,2008,5.9
MA,11,2009,9.25
MA,11,2010,7.3
MA,11,2011,10.0
MA,11,2012,7.0
MA,12,2008,3.05
MA,12,2009,1.15
MA,12,2010,1.3
MA,12,2011,5.4
MA,12,2012,5.0
MD,1,2008,3.7
MD,1,2009,0.7
MD,1,2010,1.3
MD,1,2011,0.7
MD,1,2012,6.0
MD,2,2009,4.25
MD,2,2010,1.35
MD,2,2011,4.75
MD,3,2008,8.85
MD,3,2009,6.55
MD,3,2010,8.85
MD,3,2011,7.65
MD,3,2012,11.95
MD,4,2008,13.15
MD,4,2009,12.1
MD,4,2010,14.4
MD,4,2011,13.85
MD,4,2012,13.55
MD,5,2008,17.2
MD,5,2009,17.8
MD,5,2010,19.0
MD,5,2011,19.4
MD,5,2012,19.8
MD,6,2008,24.05
MD,6,2009,22.25
MD,6,2010,25.05
MD,6,2011,24.1
MD,6,2012,23.15
MD,7,2008,14.85
MD,7,2009,24.3
MD,7,2010,26.65
MD,7,2011,26.6
MD,7,2012,27.3
MD,8,2008,22.7
MD,8,2009,25.6
MD,8,2010,25.5
MD,8,2011,24.95
MD,8,2012,25.3
MD,9,2008,22.0
MD,9,2009,20.55
MD,9,2010,22.9
MD,9,2011,22.2
MD,9,2012,21.5
MD,10,2008,14.75
MD,10,2009,15.35
MD,10,2010,16.2
MD,10,2011,15.35
MD,10,2012,16.2
MD,11,2008,8.8
MD,11,2009,11.6
MD,11,2010,9.85
MD,11,2011,11.3
MD,11,2012,7.0
MD,12,2008,5.85
MD,12,2009,4.65
MD,12,2010,0.75
MD,12,2011,7.9
MD,12,2012,7.55
ME,1,2008,-4.133333333333333
ME,1,2009,-9.175
ME,1,2010,-3.9333333333333327
ME,1,2011,-6.425
ME,1,2012,-3.925
ME,2,2009,-3.775
ME,2,2010,-1.6666666666666667
ME,2,2011,-4.925
ME,3,2008,-0.825
ME,3,2009,-0.3
ME,3,2010,3.55
ME,3,2011,0.3
ME,3,2012,3.525
ME,4,2008,6.75
ME,4,2009,7.15
ME,4,2010,9.175
ME,4,2011,6.175
ME,4,2012,7.4
ME,5,2008,11.675
ME,5,2009,12.3
ME,5,2010,13.95
ME,5,2011,11.05
ME,5,2012,13.025
ME,6,2008,17.15
ME,6,2009,15.8
ME,6,2010,17.325
ME,6,2011,16.2
ME,6,2012,16.45
ME,7,2008,21.125
ME,7,2009,18.266666666666662
ME,7,2010,21.7
ME,7,2011,21.375
ME,7,2012,21.15
ME,8,2008,18.1
ME,8,2009,20.333333333333332
ME,8,2010,20.075
ME,8,2011,19.266666666666662
ME,8,2012,20.95
ME,9,2008,14.95
ME,9,2009,14.166666666666666
ME,9,2010,16.53333333333333
ME,9,2011,16.325
ME,9,2012,15.075
ME,10,2008,8.425
ME,10,2009,7.0
ME,10,2010,9.35
ME,10,2011,10.23333333333333
ME,10,2012,10.65
ME,11,2008,3.525
ME,11,2009,5.4
ME,11,2010,3.9333333333333327
ME,11,2011,5.975
ME,11,2012,2.15
ME,12,2008,-2.6
ME,12,2009,-2.933333333333333
ME,12,2010,-1.7
ME,12,2011,-0.175
ME,12,2012,-1.175
MI,1,2008,-7.044444444444445
MI,1,2009,-12.35
MI,1,2010,-6.285714285714286
MI,1,2011,-9.066666666666666
MI,1,2012,-5.2333333333333325
MI,2,2009,-7.133333333333333
MI,2,2010,-5.2142857142857135
MI,2,2011,-6.7333333333333325
MI,3,2008,-4.527272727272727
MI,3,2009,-2.5
MI,3,2010,2.375
MI,3,2011,-2.8666666666666667
MI,3,2012,4.75
MI,4,2008,5.181818181818182
MI,4,2009,3.87
MI,4,2010,7.63
MI,4,2011,3.844444444444445
MI,4,2012,4.75
MI,5,2008,8.709090909090909
MI,5,2009,9.49
MI,5,2010,13.38888888888889
MI,5,2011,11.18888888888889
MI,5,2012,12.96
MI,6,2008,15.809090909090909
MI,6,2009,15.055555555555555
MI,6,2010,15.88888888888889
MI,6,2011,15.92222222222222
MI,6,2012,17.81
MI,7,2008,18.40909090909091
MI,7,2009,15.633333333333331
MI,7,2010,20.37
MI,7,2011,21.0125
MI,7,2012,21.29
MI,8,2008,18.02
MI,8,2009,16.48888888888889
MI,8,2010,20.09
MI,8,2011,19.066666666666663
MI,8,2012,18.51
MI,9,2008,14.0
MI,9,2009,14.577777777777776
MI,9,2010,12.571428571428573
MI,9,2011,13.544444444444444
MI,9,2012,12.68888888888889
MI,10,2008,7.13
MI,10,2009,4.8375
MI,10,2010,8.033333333333333
MI,10,2011,8.7
MI,10,2012,6.644444444444445
MI,11,2008,0.86
MI,11,2009,3.8
MI,11,2010,2.2285714285714286
MI,11,2011,2.7571428571428567
MI,11,2012,0.9333333333333332
MI,12,2008,-8.31111111111111
MI,12,2009,-5.957142857142856
MI,12,2010,-5.4375
MI,12,2011,-2.65
MI,12,2012,-2.7375
MN,1,2008,-13.184
MN,1,2009,-16.45
MN,1,2010,-12.619230769230768
MN,1,2011,-15.296
MN,1,2012,-8.453846153846156
MN,2,2009,-9.75
MN,2,2010,-9.872
MN,2,2011,-10.4625
MN,3,2008,-5.0
MN,3,2009,-3.843478260869565
MN,3,2010,2.512
MN,3,2011,-4.491666666666666
MN,3,2012,4.448
MN,4,2008,3.4115384615384614
MN,4,2009,4.616666666666666
MN,4,2010,8.992307692307692
MN,4,2011,4.644
MN,4,2012,6.288461538461538
MN,5,2008,9.48333333333333
MN,5,2009,10.564
MN,5,2010,13.026923076923076
MN,5,2011,11.476923076923077
MN,5,2012,13.564
MN,6,2008,16.08846153846154
MN,6,2009,15.907692307692308
MN,6,2010,16.51153846153846
MN,6,2011,16.476923076923075
MN,6,2012,18.82
MN,7,2008,19.065217391304348
MN,7,2009,16.923076923076923
MN,7,2010,20.688461538461535
MN,7,2011,21.642307692307686
MN,7,2012,22.51153846153846
MN,8,2008,18.83076923076923
MN,8,2009,17.192
MN,8,2010,20.26
MN,8,2011,19.553846153846155
MN,8,2012,18.723076923076924
MN,9,2008,13.603846153846154
MN,9,2009,16.32
MN,9,2010,11.195652173913043
MN,9,2011,13.084615384615384
MN,9,2012,12.807692307692307
MN,10,2008,7.272
MN,10,2009,3.5307692307692307
MN,10,2010,8.324
MN,10,2011,8.984615384615385
MN,10,2012,5.203846153846154
MN,11,2008,-1.4115384615384616
MN,11,2009,2.4208333333333334
MN,11,2010,-1.2653846153846153
MN,11,2011,-0.176
MN,11,2012,-1.5208333333333333
MN,12,2008,-14.342307692307692
MN,12,2009,-11.576923076923077
MN,12,2010,-11.452
MN,12,2011,-5.7
MN,12,2012,-9.26
MO,1,2008,-0.10909090909090909
MO,1,2009,-1.49
MO,1,2010,-2.5818181818181816
MO,1,2011,-1.7833333333333332
MO,1,2012,3.23
MO,2,2009,4.041666666666666
MO,2,2010,-0.8416666666666666
MO,2,2011,2.009090909090909
MO,3,2008,7.009090909090909
MO,3,2009,9.316666666666666
MO,3,2010,8.2
MO,3,2011,7.866666666666665
MO,3,2012,15.336363636363636
MO,4,2008,12.0
MO,4,2009,12.825
MO,4,2010,16.458333333333332
MO,4,2011,15.158333333333331
MO,4,2012,15.541666666666666
MO,5,2008,17.725
MO,5,2009,18.141666666666662
MO,5,2010,18.8
MO,5,2011,17.591666666666665
MO,5,2012,21.475
MO,6,2008,24.941666666666663
MO,6,2009,24.05
MO,6,2010,25.691666666666663
MO,6,2011,25.09
MO,6,2012,24.709090909090907
MO,7,2008,25.30909090909091
MO,7,2009,22.818181818181817
MO,7,2010,26.418181818181818
MO,7,2011,28.13
MO,7,2012,28.85833333333333
MO,8,2008,23.454545454545453
MO,8,2009,22.775
MO,8,2010,26.725
MO,8,2011,25.61
MO,8,2012,25.008333333333333
MO,9,2008,20.618181818181817
MO,9,2009,19.42727272727273
MO,9,2010,20.37272727272727
MO,9,2011,18.21818181818182
MO,9,2012,19.575
MO,10,2008,15.058333333333332
MO,10,2009,10.95
MO,10,2010,15.218181818181817
MO,10,2011,14.481818181818179
MO,10,2012,12.683333333333332
MO,11,2008,6.75
MO,11,2009,10.4
MO,11,2010,8.427272727272726
MO,11,2011,9.0
MO,11,2012,8.009090909090908
MO,12,2008,0.425
MO,12,2009,-0.19090909090909086
MO,12,2010,-0.25
MO,12,2011,3.79
MO,12,2012,4.71
MS,1,2008,7.509090909090909
MS,1,2009,8.425
MS,1,2010,5.472727272727273
MS,1,2011,6.463636363636364
MS,1,2012,11.72
MS,2,2009,10.941666666666666
MS,2,2010,5.3181818181818175
MS,2,2011,10.60909090909091
MS,3,2008,14.225
MS,3,2009,14.875
MS,3,2010,11.8
MS,3,2011,15.236363636363635
MS,3,2012,18.827272727272728
MS,4,2008,17.80909090909091
MS,4,2009,17.816666666666666
MS,4,2010,18.8
MS,4,2011,20.327272727272728
MS,4,2012,19.172727272727272
MS,5,2008,22.60909090909091
MS,5,2009,22.23636363636364
MS,5,2010,23.6
MS,5,2011,22.02
MS,5,2012,23.518181818181816
MS,6,2008,25.98181818181818
MS,6,2009,27.063636363636366
MS,6,2010,27.190909090909088
MS,6,2011,27.4125
MS,6,2012,25.97
MS,7,2008,27.008333333333333
MS,7,2009,26.333333333333332
MS,7,2010,27.58181818181818
MS,7,2011,27.19
MS,7,2012,26.711111111111112
MS,8,2008,25.491666666666664
MS,8,2009,25.675
MS,8,2010,27.62
MS,8,2011,28.03
MS,8,2012,25.944444444444446
MS,9,2008,23.38181818181818
MS,9,2009,24.0
MS,9,2010,25.18
MS,9,2011,22.58
MS,9,2012,23.522222222222226
MS,10,2008,17.116666666666667
MS,10,2009,17.75
MS,10,2010,19.1
MS,10,2011,16.48
MS,10,2012,17.22
MS,11,2008,11.854545454545454
MS,11,2009,12.65
MS,11,2010,13.527272727272727
MS,11,2011,13.62
MS,11,2012,11.71
MS,12,2008,10.283333333333331
MS,12,2009,7.663636363636363
MS,12,2010,6.845454545454546
MS,12,2011,10.35
MS,12,2012,11.422222222222222
MT,1,2008,-7.267088607594936
MT,1,2009,-4.9156626506024095
MT,1,2010,-4.311515151515152
MT,1,2011,-5.627485380116959
MT,1,2012,-4.164880952380952
MT,2,2009,-3.4875
MT,2,2010,-4.288165680473373
MT,2,2011,-7.614035087719298
MT,3,2008,-2.432926829268293
MT,3,2009,-2.810119047619048
MT,3,2010,0.4307692307692308
MT,3,2011,-1.6649425287356323
MT,3,2012,1.1431952662721894
MT,4,2008,0.7515151515151514
MT,4,2009,2.251190476190476
MT,4,2010,2.368823529411765
MT,4,2011,0.21942857142857147
MT,4,2012,4.26264367816092
MT,5,2008,7.2357575757575745
MT,5,2009,8.138728323699423
MT,5,2010,4.621764705882353
MT,5,2011,5.345977011494253
MT,5,2012,6.734285714285714
MT,6,2008,11.26826347305389
MT,6,2009,11.026436781609197
MT,6,2010,10.549411764705882
MT,6,2011,9.857386363636365
MT,6,2012,11.850857142857144
MT,7,2008,16.775
MT,7,2009,15.690340909090908
MT,7,2010,14.858100558659215
MT,7,2011,15.780571428571427
MT,7,2012,17.79147727272727
MT,8,2008,15.785875706214687
MT,8,2009,15.069142857142854
MT,8,2010,14.147701149425288
MT,8,2011,16.26306818181818
MT,8,2012,16.512571428571427
MT,9,2008,9.844886363636364
MT,9,2009,13.463636363636365
MT,9,2010,9.965730337078654
MT,9,2011,12.365730337078652
MT,9,2012,12.286931818181818
MT,10,2008,4.746820809248554
MT,10,2009,0.7479532163742689
MT,10,2010,6.4
MT,10,2011,4.999411764705882
MT,10,2012,3.2797619047619047
MT,11,2008,1.2094674556213019
MT,11,2009,0.2641176470588236
MT,11,2010,-3.505294117647059
MT,11,2011,-2.645294117647059
MT,11,2012,-0.03154761904761905
MT,12,2008,-8.733333333333333
MT,12,2009,-9.616463414634145
MT,12,2010,-5.67514450867052
MT,12,2011,-4.4674556213017755
MT,12,2012,-5.139520958083832
NC,1,2008,5.772413793103448
NC,1,2009,4.389655172413793
NC,1,2010,2.1548387096774198
NC,1,2011,2.296969696969697
NC,1,2012,6.83
NC,2,2009,6.0
NC,2,2010,2.528125
NC,2,2011,7.836363636363635
NC,3,2008,10.727272727272728
NC,3,2009,9.76875
NC,3,2010,9.671875
NC,3,2011,10.306060606060607
NC,3,2012,14.78125
NC,4,2008,14.846875
NC,4,2009,15.11875
NC,4,2010,16.46875
NC,4,2011,16.821875
NC,4,2012,15.5
NC,5,2008,18.49375
NC,5,2009,19.596969696969698
NC,5,2010,20.753125
NC,5,2011,19.803125
NC,5,2012,20.838709677419356
NC,6,2008,24.48125
NC,6,2009,23.93125
NC,6,2010,25.50322580645161
NC,6,2011,24.43125
NC,6,2012,22.676666666666662
NC,7,2008,24.2875
NC,7,2009,23.393103448275866
NC,7,2010,26.068965517241377
NC,7,2011,25.91935483870968
NC,7,2012,26.328571428571426
NC,8,2008,23.69032258064516
NC,8,2009,24.11935483870968
NC,8,2010,25.526666666666664
NC,8,2011,24.958620689655167
NC,8,2012,23.851612903225806
NC,9,2008,21.115151515151517
NC,9,2009,20.321875
NC,9,2010,22.617241379310343
NC,9,2011,21.176666666666662
NC,9,2012,20.653333333333332
NC,10,2008,13.7375
NC,10,2009,14.874193548387098
NC,10,2010,15.85
NC,10,2011,14.00625
NC,10,2012,14.726666666666665
NC,11,2008,8.074193548387097
NC,11,2009,11.116129032258064
NC,11,2010,9.82258064516129
NC,11,2011,10.935483870967742
NC,11,2012,7.780645161290321
NC,12,2008,8.19375
NC,12,2009,4.95
NC,12,2010,0.6741935483870968
NC,12,2011,8.203225806451615
NC,12,2012,8.474193548387097
ND,1,2008,-12.26
ND,1,2009,-14.8625
ND,1,2010,-11.94
ND,1,2011,-14.36
ND,1,2012,-6.675
ND,2,2009,-12.0
ND,2,2010,-12.25
ND,2,2011,-11.972727272727273
ND,3,2008,-3.063636363636364
ND,3,2009,-6.3875
ND,3,2010,-0.17
ND,3,2011,-6.991666666666666
ND,3,2012,4.409090909090909
ND,4,2008,4.427272727272727
ND,4,2009,3.8
ND,4,2010,8.018181818181818
ND,4,2011,3.5083333333333333
ND,4,2012,7.283333333333333
ND,5,2008,11.125
ND,5,2009,10.981818181818179
ND,5,2010,11.072727272727272
ND,5,2011,10.616666666666665
ND,5,2012,12.48333333333333
ND,6,2008,15.736363636363635
ND,6,2009,16.03
ND,6,2010,17.02
ND,6,2011,16.9
ND,6,2012,18.34166666666666
ND,7,2008,20.4
ND,7,2009,17.92727272727273
ND,7,2010,19.963636363636365
ND,7,2011,21.616666666666664
ND,7,2012,23.09166666666666
ND,8,2008,20.03333333333333
ND,8,2009,17.87272727272727
ND,8,2010,19.545454545454543
ND,8,2011,20.241666666666664
ND,8,2012,19.366666666666664
ND,9,2008,12.927272727272728
ND,9,2009,16.6
ND,9,2010,12.20833333333333
ND,9,2011,14.45
ND,9,2012,14.275
ND,10,2008,6.236363636363637
ND,10,2009,2.8
ND,10,2010,8.063636363636363
ND,10,2011,8.466666666666665
ND,10,2012,4.25
ND,11,2008,-1.1888888888888889
ND,11,2009,1.6272727272727272
ND,11,2010,-3.3
ND,11,2011,-1.3666666666666667
ND,11,2012,-3.055555555555556
ND,12,2008,-15.29
ND,12,2009,-13.37
ND,12,2010,-12.27
ND,12,2011,-4.541666666666666
ND,12,2012,-10.322222222222223
NE,1,2008,-5.285714285714286
NE,1,2009,-1.8375
NE,1,2010,-8.366666666666665
NE,1,2011,-9.444444444444445
NE,1,2012,-7.942857142857144
NE,2,2009,0.025
NE,2,2010,-9.1
NE,2,2011,-10.1625
NE,3,2008,2.25
NE,3,2009,2.7875
NE,3,2010,-3.45
NE,3,2011,-3.6222222222222222
NE,3,2012,0.21428571428571427
NE,4,2008,6.7
NE,4,2009,6.4375
NE,4,2010,1.1888888888888889
NE,4,2011,-0.25555555555555554
NE,4,2012,1.0571428571428572
NE,5,2008,11.8875
NE,5,2009,13.83333333333333
NE,5,2010,4.266666666666667
NE,5,2011,2.725
NE,5,2012,4.657142857142857
NE,6,2008,17.785714285714285
NE,6,2009,17.18888888888889
NE,6,2010,11.614285714285714
NE,6,2011,9.0875
NE,6,2012,11.085714285714285
NE,7,2008,23.333333333333332
NE,7,2009,20.7625
NE,7,2010,13.28888888888889
NE,7,2011,16.371428571428574
NE,7,2012,15.225
NE,8,2008,20.9125
NE,8,2009,19.9875
NE,8,2010,13.6
NE,8,2011,15.285714285714285
NE,8,2012,13.666666666666666
NE,9,2008,15.3
NE,9,2009,15.83333333333333
NE,9,2010,8.61111111111111
NE,9,2011,9.385714285714284
NE,9,2012,9.311111111111112
NE,10,2008,8.775
NE,10,2009,3.755555555555556
NE,10,2010,3.6222222222222222
NE,10,2011,7.183333333333333
NE,10,2012,0.8444444444444444
NE,11,2008,3.6
NE,11,2009,4.3625
NE,11,2010,-4.911111111111111
NE,11,2011,-2.3142857142857145
NE,11,2012,-2.0777777777777775
NE,12,2008,-5.0375
NE,12,2009,-10.15
NE,12,2010,-7.622222222222223
NE,12,2011,-8.2125
NE,12,2012,-7.577777777777779
NH,1,2008,-5.0
NH,1,2009,-9.6
NH,1,2010,-4.5
NH,1,2011,-7.3
NH,1,2012,-4.5
NH,2,2009,-4.3
NH,2,2010,-1.6
NH,2,2011,-6.1
NH,3,2008,-1.2
NH,3,2009,0.2
NH,3,2010,3.9
NH,3,2011,-0.4
NH,3,2012,4.1
NH,4,2008,6.4
NH,4,2009,8.2
NH,4,2010,9.3
NH,4,2011,6.3
NH,4,2012,8.5
NH,5,2008,12.2
NH,5,2009,12.9
NH,5,2010,15.3
NH,5,2011,13.8
NH,5,2012,14.6
NH,6,2008,18.3
NH,6,2009,16.7
NH,6,2010,18.0
NH,6,2011,17.5
NH,6,2012,17.5
NH,7,2008,21.0
NH,7,2009,18.4
NH,7,2010,22.4
NH,7,2011,21.7
NH,7,2012,21.4
NH,8,2008,18.4
NH,8,2009,20.1
NH,8,2010,20.0
NH,8,2011,19.5
NH,8,2012,20.9
NH,9,2008,15.3
NH,9,2009,14.0
NH,9,2010,16.1
NH,9,2011,16.6
NH,9,2012,14.4
NH,10,2008,7.7
NH,10,2009,7.0
NH,10,2010,8.3
NH,10,2011,9.6
NH,10,2012,10.6
NH,11,2008,2.4
NH,11,2009,4.5
NH,11,2010,2.4
NH,11,2011,4.5
NH,11,2012,1.1
NH,12,2008,-3.6
NH,12,2009,-4.0
NH,12,2010,-3.5
NH,12,2011,-1.2
NH,12,2012,-1.5
NJ,1,2008,2.1
NJ,1,2009,-0.8
NJ,1,2010,0.2
NJ,1,2011,-1.1
NJ,1,2012,3.8
NJ,2,2009,2.7
NJ,2,2010,0.4
NJ,2,2011,3.1
NJ,3,2008,6.4
NJ,3,2009,5.1
NJ,3,2010,8.1
NJ,3,2011,6.0
NJ,3,2012,9.8
NJ,4,2008,11.3
NJ,4,2009,11.8
NJ,4,2010,12.8
NJ,4,2011,11.7
NJ,4,2012,12.4
NJ,5,2008,14.8
NJ,5,2009,16.1
NJ,5,2010,17.4
NJ,5,2011,17.4
NJ,5,2012,18.2
NJ,6,2008,23.0
NJ,6,2009,19.7
NJ,6,2010,23.5
NJ,6,2011,22.7
NJ,6,2012,21.6
NJ,7,2008,24.4
NJ,7,2009,22.9
NJ,7,2010,26.1
NJ,7,2011,25.8
NJ,7,2012,25.8
NJ,8,2008,22.7
NJ,8,2009,24.5
NJ,8,2010,25.0
NJ,8,2011,23.6
NJ,8,2012,24.5
NJ,9,2008,20.5
NJ,9,2009,19.1
NJ,9,2010,22.1
NJ,9,2011,20.9
NJ,9,2012,20.3
NJ,10,2008,13.1
NJ,10,2009,13.7
NJ,10,2011,14.0
NJ,10,2012,15.1
NJ,11,2008,7.5
NJ,11,2009,10.4
NJ,11,2010,8.2
NJ,11,2011,10.6
NJ,11,2012,6.2
NJ,12,2008,4.1
NJ,12,2009,2.9
NJ,12,2010,-0.1
NJ,12,2011,6.3
NJ,12,2012,6.3
NM,1,2008,-5.228571428571429
NM,1,2009,-1.4238095238095239
NM,1,2010,-2.775
NM,1,2011,-3.34
NM,1,2012,-1.272
NM,2,2009,-0.5578947368421052
NM,2,2010,-3.566666666666667
NM,2,2011,-3.6208333333333327
NM,3,2008,0.6095238095238095
NM,3,2009,1.185
NM,3,2010,-0.3454545454545454
NM,3,2011,2.884
NM,3,2012,2.15
NM,4,2008,4.033333333333333
NM,4,2009,3.480952380952381
NM,4,2010,3.628571428571429
NM,4,2011,4.877272727272727
NM,4,2012,6.1230769230769235
NM,5,2008,7.20952380952381
NM,5,2009,9.823809523809523
NM,5,2010,8.284210526315789
NM,5,2011,18.856521739130436
NM,5,2012,10.433333333333332
NM,6,2008,13.629411764705882
NM,6,2009,11.6
NM,6,2010,14.45
NM,6,2011,19.22272727272727
NM,6,2012,16.38695652173913
NM,7,2008,13.45
NM,7,2009,15.209523809523809
NM,7,2010,14.480952380952381
NM,7,2011,39.25
NM,7,2012,14.93181818181818
NM,8,2008,12.952941176470588
NM,8,2009,14.005
NM,8,2010,13.8
NM,8,2011,19.05454545454545
NM,8,2012,14.396153846153846
NM,9,2008,9.91578947368421
NM,9,2009,9.745
NM,9,2010,12.66
NM,9,2011,10.592
NM,9,2012,11.307692307692307
NM,10,2008,6.227777777777778
NM,10,2009,4.538888888888889
NM,10,2010,6.464
NM,10,2011,5.972
NM,10,2012,7.473076923076923
NM,11,2008,1.3
NM,11,2009,2.2
NM,11,2010,-0.268
NM,11,2011,0.396
NM,11,2012,3.1
NM,12,2008,-2.575
NM,12,2009,-4.927272727272727
NM,12,2010,-0.208
NM,12,2011,-3.872
NM,12,2012,-2.7807692307692307
NV,1,2008,-3.3054794520547945
NV,1,2009,0.07105263157894738
NV,1,2010,-0.7
NV,1,2011,-0.892
NV,1,2012,0.4797619047619047
NV,2,2009,-0.1533333333333333
NV,2,2010,-0.3407894736842105
NV,2,2011,-1.7226666666666668
NV,3,2008,1.598666666666667
NV,3,2009,1.8289473684210529
NV,3,2010,1.7297297297297296
NV,3,2011,1.9947368421052631
NV,3,2012,2.796703296703297
NV,4,2008,4.532876712328767
NV,4,2009,5.20921052631579
NV,4,2010,4.096052631578948
NV,4,2011,3.611688311688312
NV,4,2012,6.861956521739129
NV,5,2008,9.76891891891892
NV,5,2009,13.048648648648648
NV,5,2010,6.623684210526316
NV,5,2011,7.248051948051949
NV,5,2012,11.368131868131869
NV,6,2008,16.24054054054054
NV,6,2009,13.776315789473683
NV,6,2010,15.4
NV,6,2011,13.846753246753249
NV,6,2012,16.086170212765957
NV,7,2008,21.34861111111111
NV,7,2009,20.74
NV,7,2010,20.74266666666666
NV,7,2011,19.7
NV,7,2012,20.510752688172044
NV,8,2008,20.528
NV,8,2009,18.904
NV,8,2010,18.693506493506494
NV,8,2011,20.395890410958906
NV,8,2012,20.379787234042556
NV,9,2008,15.578666666666665
NV,9,2009,17.018918918918917
NV,9,2010,15.863636363636365
NV,9,2011,16.508219178082193
NV,9,2012,16.2438202247191
NV,10,2008,8.817948717948719
NV,10,2009,6.155405405405404
NV,10,2010,8.823684210526316
NV,10,2011,8.625609756097562
NV,10,2012,9.075824175824176
NV,11,2008,4.753246753246753
NV,11,2009,3.08
NV,11,2010,0.9413333333333332
NV,11,2011,1.1452380952380952
NV,11,2012,4.202380952380952
NV,12,2008,-2.188157894736842
NV,12,2009,-4.1786666666666665
NV,12,2010,0.3092105263157895
NV,12,2011,-1.6602409638554216
NV,12,2012,-2.5861702127659574
NY,1,2008,-2.9
NY,1,2009,-7.875
NY,1,2010,-4.56
NY,1,2011,-6.2
NY,1,2012,-2.075
NY,2,2009,-2.94
NY,2,2010,-2.54
NY,2,2011,-4.08
NY,3,2008,0.6
NY,3,2009,1.74
NY,3,2010,4.58
NY,3,2011,0.86
NY,3,2012,7.3
NY,4,2008,10.02
NY,4,2009,9.04
NY,4,2010,10.48
NY,4,2011,8.38
NY,4,2012,8.12
NY,5,2008,12.4
NY,5,2009,13.88
NY,5,2010,16.0
NY,5,2011,15.86
NY,5,2012,16.84
NY,6,2008,20.02
NY,6,2009,17.78
NY,6,2010,19.46
NY,6,2011,19.18
NY,6,2012,19.16
NY,7,2008,21.44
NY,7,2009,18.85
NY,7,2010,22.86
NY,7,2011,22.92
NY,7,2012,22.78
NY,8,2008,22.86
NY,8,2009,20.5
NY,8,2010,20.55
NY,8,2011,20.42
NY,8,2012,21.06
NY,9,2008,21.02
NY,9,2009,15.0
NY,9,2010,16.76
NY,9,2011,17.84
NY,9,2012,15.88
NY,10,2008,8.02
NY,10,2009,8.48
NY,10,2010,9.46
NY,10,2011,10.24
NY,10,2012,11.22
NY,11,2008,3.16
NY,11,2009,5.72
NY,11,2010,3.66
NY,11,2011,6.44
NY,11,2012,2.1
NY,12,2008,-2.0
NY,12,2009,-2.86
NY,12,2010,-3.76
NY,12,2011,0.9
NY,12,2012,0.55
OH,1,2008,-0.05
OH,1,2009,-3.45
OH,1,2010,-2.05
OH,1,2011,-2.6
OH,1,2012,2.05
OH,2,2009,2.15
OH,2,2010,-1.6
OH,2,2011,2.2
OH,3,2008,5.2
OH,3,2009,8.1
OH,3,2010,7.4
OH,3,2011,6.3
OH,3,2012,12.45
OH,4,2008,13.4
OH,4,2009,12.55
OH,4,2010,14.65
OH,4,2011,13.7
OH,4,2012,12.0
OH,5,2008,15.7
OH,5,2009,17.65
OH,5,2010,19.15
OH,5,2011,17.75
OH,5,2012,20.25
OH,6,2008,22.3
OH,6,2009,21.85
OH,6,2010,23.6
OH,6,2011,22.05
OH,6,2012,22.0
OH,7,2008,23.3
OH,7,2009,21.15
OH,7,2010,24.8
OH,7,2011,25.6
OH,7,2012,25.9
OH,8,2008,21.9
OH,8,2009,22.2
OH,8,2010,24.0
OH,8,2011,22.85
OH,8,2012,22.75
OH,9,2008,20.1
OH,9,2009,18.9
OH,9,2010,19.6
OH,9,2011,18.45
OH,9,2012,18.2
OH,10,2008,11.6
OH,10,2009,10.95
OH,10,2010,13.0
OH,10,2011,11.75
OH,10,2012,12.0
OH,11,2008,4.9
OH,11,2009,8.35
OH,11,2010,6.35
OH,11,2011,9.3
OH,11,2012,5.0
OH,12,2008,1.35
OH,12,2009,1.0
OH,12,2010,-2.1
OH,12,2011,4.25
OK,1,2008,4.4
OK,1,2009,4.5
OK,1,2010,3.066666666666667
OK,1,2011,3.3
OK,1,2012,7.433333333333333
OK,2,2009,9.533333333333331
OK,2,2010,3.0
OK,2,2011,6.433333333333333
OK,3,2008,12.0
OK,3,2009,12.266666666666666
OK,3,2010,10.166666666666666
OK,3,2011,12.766666666666666
OK,3,2012,16.23333333333333
OK,4,2008,15.566666666666666
OK,4,2009,15.933333333333332
OK,4,2010,16.9
OK,4,2011,18.366666666666664
OK,4,2012,18.6
OK,5,2008,20.96666666666666
OK,5,2009,19.43333333333333
OK,5,2010,21.566666666666663
OK,5,2011,20.66666666666666
OK,5,2012,23.16666666666666
OK,6,2008,25.8
OK,6,2009,26.333333333333332
OK,6,2010,27.43333333333333
OK,6,2011,29.03333333333333
OK,6,2012,26.766666666666662
OK,7,2008,27.5
OK,7,2009,27.1
OK,7,2010,27.15
OK,7,2011,31.566666666666663
OK,7,2012,29.43333333333333
OK,8,2008,25.9
OK,8,2009,26.03333333333333
OK,8,2010,29.766666666666662
OK,8,2011,31.43333333333333
OK,8,2012,27.633333333333333
OK,9,2008,21.75
OK,9,2009,21.43333333333333
OK,9,2010,23.96666666666666
OK,9,2011,23.03333333333333
OK,9,2012,24.133333333333333
OK,10,2008,16.2
OK,10,2009,13.83333333333333
OK,10,2010,17.2
OK,10,2011,17.466666666666665
OK,10,2012,16.2
OK,11,2008,10.5
OK,11,2009,12.4
OK,11,2010,10.9
OK,11,2011,11.633333333333331
OK,11,2012,12.2
OK,12,2008,5.4
OK,12,2009,2.7666666666666666
OK,12,2010,5.466666666666667
OK,12,2011,6.033333333333333
OK,12,2012,7.4
OR,1,2008,-2.493103448275862
OR,1,2009,1.114044943820225
OR,1,2010,1.9123655913978492
OR,1,2011,0.7578124999999999
OR,1,2012,0.7813131313131314
OR,2,2009,0.8101063829787233
OR,2,2010,1.8418848167539268
OR,2,2011,-0.6727748691099475
OR,3,2008,0.6972972972972973
OR,3,2009,0.918848167539267
OR,3,2010,2.5116751269035533
OR,3,2011,1.559375
OR,3,2012,1.8081632653061224
OR,4,2008,3.032044198895028
OR,4,2009,4.809743589743589
OR,4,2010,3.621052631578947
OR,4,2011,2.311224489795918
OR,4,2012,5.792893401015228
OR,5,2008,8.935911602209945
OR,5,2009,10.409895833333332
OR,5,2010,6.110447761194029
OR,5,2011,5.998469387755103
OR,5,2012,8.72462311557789
OR,6,2008,11.776063829787233
OR,6,2009,12.79381443298969
OR,6,2010,11.332487309644671
OR,6,2011,10.985128205128206
OR,6,2012,10.956345177664975
OR,7,2008,17.432275132275134
OR,7,2009,19.015789473684208
OR,7,2010,17.262244897959185
OR,7,2011,15.508290155440413
OR,7,2012,17.217085427135675
OR,8,2008,16.867179487179488
OR,8,2009,16.977720207253885
OR,8,2010,16.107
OR,8,2011,17.406735751295333
OR,8,2012,18.476020408163265
OR,9,2008,14.289583333333331
OR,9,2009,15.021761658031089
OR,9,2010,13.11319796954315
OR,9,2011,16.139898989898988
OR,9,2012,15.567171717171716
OR,10,2008,8.1515
OR,10,2009,6.0691891891891885
OR,10,2010,8.43787878787879
OR,10,2011,7.793467336683418
OR,10,2012,8.028282828282828
OR,11,2008,4.95360824742268
OR,11,2009,2.2934343434343436
OR,11,2010,1.4948186528497407
OR,11,2011,1.453
OR,11,2012,3.6879396984924626
OR,12,2008,-1.6086206896551725
OR,12,2009,-2.334715025906736
OR,12,2010,0.047872340425531915
OR,12,2011,0.38944723618090443
OR,12,2012,-0.9474747474747474
PA,1,2008,-2.55
PA,1,2009,-7.9
PA,1,2010,-5.0
PA,1,2011,-6.4
PA,1,2012,-2.6
PA,2,2009,-2.5
PA,2,2010,-4.65
PA,2,2011,-2.55
PA,3,2008,0.05
PA,3,2009,2.5
PA,3,2010,4.25
PA,3,2011,0.4
PA,3,2012,8.25
PA,4,2008,10.1
PA,4,2009,8.75
PA,4,2010,10.95
PA,4,2011,8.1
PA,4,2012,7.0
PA,5,2008,11.25
PA,5,2009,13.8
PA,5,2010,14.95
PA,5,2011,15.2
PA,5,2012,16.95
PA,6,2008,18.8
PA,6,2009,17.25
PA,6,2010,19.1
PA,6,2011,18.6
PA,6,2012,18.4
PA,7,2008,20.25
PA,7,2009,18.1
PA,7,2010,21.6
PA,7,2011,22.25
PA,7,2012,21.5
PA,8,2008,17.8
PA,8,2009,19.35
PA,8,2010,20.45
PA,8,2011,19.35
PA,8,2012,18.8
PA,9,2008,16.1
PA,9,2009,15.35
PA,9,2010,15.35
PA,9,2011,16.6
PA,9,2012,14.95
PA,10,2008,8.5
PA,10,2009,8.15
PA,10,2010,9.1
PA,10,2011,8.95
PA,10,2012,9.9
PA,11,2008,2.75
PA,11,2009,6.15
PA,11,2010,3.85
PA,11,2011,6.3
PA,11,2012,2.45
PA,12,2008,-2.0
PA,12,2009,-2.8
PA,12,2010,-5.2
PA,12,2011,0.2
PA,12,2012,1.45
RI,1,2008,0.0
RI,1,2009,-3.5
RI,1,2010,-1.5
RI,1,2011,-2.6
RI,1,2012,2.1
RI,2,2009,0.5
RI,2,2010,0.1
RI,2,2011,-0.3
RI,3,2008,3.4
RI,3,2009,2.7
RI,3,2010,6.1
RI,3,2011,3.5
RI,3,2012,6.9
RI,4,2008,8.9
RI,4,2009,9.0
RI,4,2010,10.2
RI,4,2011,8.4
RI,4,2012,10.0
RI,5,2008,12.6
RI,5,2009,13.3
RI,5,2010,15.1
RI,5,2011,13.9
RI,5,2012,14.7
RI,6,2008,19.7
RI,6,2009,16.9
RI,6,2010,19.8
RI,6,2011,18.2
RI,6,2012,18.4
RI,7,2008,22.7
RI,7,2009,20.4
RI,7,2010,23.5
RI,7,2011,22.5
RI,7,2012,22.3
RI,8,2008,20.3
RI,8,2009,22.2
RI,8,2010,21.8
RI,8,2011,21.7
RI,8,2012,22.1
RI,9,2008,18.0
RI,9,2009,16.9
RI,9,2010,19.0
RI,9,2011,19.0
RI,9,2012,17.9
RI,10,2008,10.8
RI,10,2009,10.9
RI,10,2010,12.0
RI,10,2011,13.1
RI,10,2012,13.5
RI,11,2008,5.7
RI,11,2009,9.1
RI,11,2010,6.8
RI,11,2011,9.4
RI,11,2012,5.3
RI,12,2008,2.2
RI,12,2009,0.7
RI,12,2010,-0.4
RI,12,2011,4.9
RI,12,2012,4.1
SC,1,2008,7.025
SC,1,2009,6.757142857142857
SC,1,2010,4.966666666666667
SC,1,2011,4.771428571428571
SC,1,2012,9.86
SC,2,2009,8.442857142857145
SC,2,2010,5.1
SC,2,2011,9.933333333333332
SC,3,2008,12.942857142857145
SC,3,2009,12.442857142857145
SC,3,2010,11.442857142857145
SC,3,2011,12.928571428571427
SC,3,2012,17.366666666666667
SC,4,2008,16.771428571428572
SC,4,2009,16.914285714285715
SC,4,2010,18.357142857142854
SC,4,2011,18.971428571428568
SC,4,2012,18.128571428571426
SC,5,2008,21.685714285714283
SC,5,2009,21.566666666666663
SC,5,2010,22.5
SC,5,2011,22.18333333333333
SC,5,2012,22.4
SC,6,2008,26.685714285714283
SC,6,2009,25.814285714285717
SC,6,2010,26.816666666666663
SC,6,2011,26.714285714285715
SC,6,2012,23.842857142857145
SC,7,2008,26.2
SC,7,2009,25.4
SC,7,2010,27.257142857142853
SC,7,2011,27.41666666666666
SC,7,2012,27.17142857142857
SC,8,2008,25.514285714285716
SC,8,2009,25.616666666666664
SC,8,2010,26.828571428571426
SC,8,2011,27.014285714285716
SC,8,2012,24.828571428571426
SC,9,2008,22.685714285714283
SC,9,2009,22.7
SC,9,2010,24.342857142857145
SC,9,2011,23.116666666666664
SC,9,2012,22.5
SC,10,2008,15.728571428571428
SC,10,2009,17.216666666666665
SC,10,2010,17.614285714285714
SC,10,2011,16.275
SC,10,2012,17.171428571428574
SC,11,2008,10.4
SC,11,2009,12.671428571428573
SC,11,2010,12.2
SC,11,2011,14.15
SC,11,2012,10.414285714285713
SC,12,2008,11.016666666666666
SC,12,2009,7.185714285714286
SC,12,2010,3.5142857142857142
SC,12,2011,11.225
SC,12,2012,10.9
SD,1,2008,-5.461538461538462
SD,1,2009,-3.915384615384616
SD,1,2010,-4.2615384615384615
SD,1,2011,-5.976923076923077
SD,1,2012,-2.0153846153846158
SD,2,2009,-2.1083333333333334
SD,2,2010,-5.841666666666667
SD,2,2011,-6.0307692307692315
SD,3,2008,0.3692307692307692
SD,3,2009,0.7230769230769232
SD,3,2010,3.0083333333333333
SD,3,2011,0.023076923076923078
SD,3,2012,8.415384615384614
SD,4,2008,5.9692307692307685
SD,4,2009,4.669230769230769
SD,4,2010,6.730769230769231
SD,4,2011,4.669230769230769
SD,4,2012,8.953846153846156
SD,5,2008,7.592307692307693
SD,5,2009,12.08333333333333
SD,5,2010,9.784615384615384
SD,5,2011,9.153846153846153
SD,5,2012,12.76153846153846
SD,6,2008,15.576923076923075
SD,6,2009,15.08333333333333
SD,6,2010,16.646153846153847
SD,6,2011,16.66153846153846
SD,6,2012,20.176923076923078
SD,7,2008,21.384615384615387
SD,7,2009,18.838461538461537
SD,7,2010,20.53076923076923
SD,7,2011,22.53076923076923
SD,7,2012,24.3
SD,8,2008,20.361538461538462
SD,8,2009,18.638461538461534
SD,8,2010,21.4
SD,8,2011,20.892307692307686
SD,8,2012,21.192307692307686
SD,9,2008,14.046153846153846
SD,9,2009,15.969230769230768
SD,9,2010,15.05384615384615
SD,9,2011,15.169230769230769
SD,9,2012,16.93076923076923
SD,10,2008,7.6230769230769235
SD,10,2009,2.5769230769230766
SD,10,2010,10.491666666666665
SD,10,2011,9.215384615384616
SD,10,2012,6.558333333333333
SD,11,2008,2.3230769230769233
SD,11,2009,4.453846153846154
SD,11,2010,-0.008333333333333333
SD,11,2011,1.3846153846153846
SD,11,2012,3.0
SD,12,2008,-7.015384615384616
SD,12,2009,-8.33
SD,12,2010,-3.9846153846153847
SD,12,2011,-2.1692307692307686
SD,12,2012,-3.3230769230769233
TN,1,2008,2.0933333333333333
TN,1,2009,1.6625
TN,1,2010,0.21428571428571427
TN,1,2011,0.8933333333333331
TN,1,2012,5.725
TN,2,2009,5.294117647058824
TN,2,2010,0.6235294117647058
TN,2,2011,6.12
TN,3,2008,8.94375
TN,3,2009,10.25
TN,3,2010,8.3
TN,3,2011,9.89375
TN,3,2012,15.41333333333333
TN,4,2008,14.066666666666666
TN,4,2009,14.1
TN,4,2010,16.744444444444444
TN,4,2011,16.425
TN,4,2012,15.68125
TN,5,2008,18.11578947368421
TN,5,2009,18.38888888888889
TN,5,2010,20.29375
TN,5,2011,18.56875
TN,5,2012,20.79375
TN,6,2008,23.33888888888889
TN,6,2009,23.341176470588238
TN,6,2010,24.764705882352942
TN,6,2011,23.717647058823527
TN,6,2012,23.16875
TN,7,2008,23.78421052631579
TN,7,2009,22.59375
TN,7,2010,25.985714285714284
TN,7,2011,25.66470588235294
TN,7,2012,25.57333333333333
TN,8,2008,23.366666666666664
TN,8,2009,23.0875
TN,8,2010,25.41875
TN,8,2011,24.85294117647059
TN,8,2012,23.05333333333333
TN,9,2008,21.015789473684208
TN,9,2009,20.247058823529407
TN,9,2010,21.775
TN,9,2011,19.0875
TN,9,2012,19.66
TN,10,2008,13.870588235294115
TN,10,2009,13.255555555555555
TN,10,2010,14.96875
TN,10,2011,13.3125
TN,10,2012,13.106666666666666
TN,11,2008,7.076470588235295
TN,11,2009,10.116666666666665
TN,11,2010,9.62
TN,11,2011,10.26
TN,11,2012,7.7625
TN,12,2008,4.963157894736842
TN,12,2009,3.217647058823529
TN,12,2010,-0.14
TN,12,2011,6.22
TN,12,2012,7.086666666666666
TX,1,2008,8.943137254901961
TX,1,2009,10.056
TX,1,2010,7.629411764705882
TX,1,2011,8.158823529411762
TX,1,2012,11.776470588235295
TX,2,2009,14.064150943396225
TX,2,2010,7.267307692307693
TX,2,2011,10.433962264150944
TX,3,2008,15.698113207547168
TX,3,2009,15.583018867924528
TX,3,2010,13.498039215686273
TX,3,2011,17.220754716981133
TX,3,2012,18.448
TX,4,2008,19.35
TX,4,2009,19.103846153846156
TX,4,2010,19.21698113207547
TX,4,2011,22.33269230769231
TX,4,2012,21.567924528301887
TX,5,2008,23.815686274509805
TX,5,2009,23.375
TX,5,2010,24.296226415094335
TX,5,2011,23.707843137254905
TX,5,2012,24.449056603773585
TX,6,2008,27.867307692307687
TX,6,2009,27.701923076923077
TX,6,2010,27.96981132075472
TX,6,2011,29.318518518518523
TX,6,2012,27.766666666666662
TX,7,2008,27.673076923076923
TX,7,2009,28.822641509433957
TX,7,2010,27.50588235294118
TX,7,2011,30.133333333333333
TX,7,2012,28.107547169811323
TX,8,2008,26.83653846153846
TX,8,2009,28.246296296296293
TX,8,2010,29.320754716981128
TX,8,2011,31.16851851851852
TX,8,2012,28.47735849056604
TX,9,2008,23.141666666666662
TX,9,2009,23.69411764705882
TX,9,2010,25.415686274509806
TX,9,2011,25.92962962962963
TX,9,2012,25.038888888888888
TX,10,2008,18.9
TX,10,2009,18.765384615384612
TX,10,2010,20.14528301886792
TX,10,2011,20.038461538461537
TX,10,2012,19.594444444444445
TX,11,2008,14.38125
TX,11,2009,14.62
TX,11,2010,14.650943396226417
TX,11,2011,15.158490566037734
TX,11,2012,15.430188679245283
TX,12,2008,10.387755102040815
TX,12,2009,7.311764705882354
TX,12,2010,10.803773584905661
TX,12,2011,9.564705882352941
TX,12,2012,12.256603773584905
UT,1,2008,-6.618656716417911
UT,1,2009,-2.571317829457364
UT,1,2010,-3.298571428571429
UT,1,2011,-4.4527027027027035
UT,1,2012,-2.426143790849673
UT,2,2009,-2.461194029850746
UT,2,2010,-3.624113475177305
UT,2,2011,-4.713669064748202
UT,3,2008,-1.1864661654135338
UT,3,2009,0.042222222222222223
UT,3,2010,-0.3347517730496454
UT,3,2011,0.17567567567567569
UT,3,2012,2.15
UT,4,2008,2.0382352941176474
UT,4,2009,3.1822222222222223
UT,4,2010,2.8422535211267608
UT,4,2011,1.6472972972972972
UT,4,2012,5.213071895424837
UT,5,2008,6.932592592592592
UT,5,2009,10.054887218045113
UT,5,2010,5.566901408450704
UT,5,2011,5.550666666666666
UT,5,2012,9.789403973509932
UT,6,2008,13.658518518518518
UT,6,2009,11.73358208955224
UT,6,2010,13.804255319148936
UT,6,2011,12.586
UT,6,2012,15.813698630136985
UT,7,2008,18.319402985074625
UT,7,2009,17.847014925373134
UT,7,2010,17.73404255319149
UT,7,2011,16.758666666666667
UT,7,2012,17.300671140939595
UT,8,2008,17.07867647058824
UT,8,2009,16.105109489051095
UT,8,2010,15.845323741007194
UT,8,2011,17.42133333333333
UT,8,2012,17.373684210526317
UT,9,2008,11.997037037037037
UT,9,2009,13.296323529411763
UT,9,2010,13.571126760563379
UT,9,2011,12.487417218543046
UT,9,2012,12.850980392156863
UT,10,2008,6.511764705882353
UT,10,2009,3.520422535211268
UT,10,2010,6.413605442176872
UT,10,2011,5.898666666666666
UT,10,2012,6.3237804878048784
UT,11,2008,2.0407407407407407
UT,11,2009,1.2401408450704223
UT,11,2010,-1.6926666666666668
UT,11,2011,-0.915032679738562
UT,11,2012,2.02710843373494
UT,12,2008,-4.547058823529412
UT,12,2009,-6.819858156028369
UT,12,2010,-2.0027210884353743
UT,12,2011,-4.663157894736842
UT,12,2012,-4.578787878787879
VA,1,2008,2.7
VA,1,2009,0.7875
VA,1,2010,0.45
VA,1,2011,0.425
VA,1,2012,4.7625
VA,2,2009,4.125
VA,2,2010,0.525
VA,2,2011,5.4375
VA,3,2008,8.875
VA,3,2009,7.5375
VA,3,2010,8.625
VA,3,2011,7.775
VA,3,2012,12.914285714285713
VA,4,2008,13.325
VA,4,2009,13.425
VA,4,2010,15.2125
VA,4,2011,15.0625
VA,4,2012,13.3875
VA,5,2008,16.7875
VA,5,2009,18.0875
VA,5,2010,18.971428571428568
VA,5,2011,18.475
VA,5,2012,19.5625
VA,6,2008,23.275
VA,6,2009,22.0625
VA,6,2010,24.4625
VA,6,2011,23.075
VA,6,2012,21.6125
VA,7,2008,23.425
VA,7,2009,22.325
VA,7,2010,25.3625
VA,7,2011,25.375
VA,7,2012,25.6125
VA,8,2008,22.4125
VA,8,2009,23.775
VA,8,2010,24.225
VA,8,2011,23.9375
VA,8,2012,23.3625
VA,9,2008,20.3
VA,9,2009,19.2375
VA,9,2010,21.35
VA,9,2011,20.2625
VA,9,2012,19.357142857142854
VA,10,2008,12.925
VA,10,2009,13.8
VA,10,2010,14.825
VA,10,2011,13.65
VA,10,2012,13.9
VA,11,2008,7.7875
VA,11,2009,10.275
VA,11,2010,8.575
VA,11,2011,10.2125
VA,11,2012,6.325
VA,12,2008,5.375
VA,12,2009,3.428571428571429
VA,12,2010,-0.8
VA,12,2011,6.7375
VA,12,2012,6.575
VT,1,2008,-5.275
VT,1,2009,-11.025
VT,1,2010,-6.3
VT,1,2011,-8.36
VT,1,2012,-5.02
VT,2,2009,-5.28
VT,2,2010,-4.1
VT,2,2011,-6.3
VT,3,2008,-2.6
VT,3,2009,-0.36
VT,3,2010,2.66
VT,3,2011,-1.475
VT,3,2012,3.95
VT,4,2008,7.5
VT,4,2009,7.26
VT,4,2010,8.6
VT,4,2011,6.18
VT,4,2012,6.84
VT,5,2008,11.24
VT,5,2009,12.32
VT,5,2010,14.5
VT,5,2011,14.4
VT,5,2012,15.05
VT,6,2008,18.08
VT,6,2009,16.32
VT,6,2010,17.24
VT,6,2011,17.06
VT,6,2012,17.58
VT,7,2008,19.9
VT,7,2009,17.88
VT,7,2010,21.48
VT,7,2011,20.88
VT,7,2012,20.4
VT,8,2008,17.44
VT,8,2009,19.18
VT,8,2010,19.2
VT,8,2011,18.98
VT,8,2012,19.9
VT,9,2008,14.94
VT,9,2009,13.3
VT,9,2010,15.56
VT,9,2011,16.12
VT,9,2012,14.15
VT,10,2008,6.86
VT,10,2009,6.34
VT,10,2010,7.38
VT,10,2011,8.68
VT,10,2012,9.9
VT,11,2008,1.7
VT,11,2009,4.28
VT,11,2010,2.275
VT,11,2011,5.24
VT,11,2012,0.45
VT,12,2008,-5.2
VT,12,2009,-4.84
VT,12,2010,-5.6
VT,12,2011,-1.6
VT,12,2012,-1.975
WA,1,2008,-3.9293333333333327
WA,1,2009,-0.4892857142857143
WA,1,2010,0.8844444444444444
WA,1,2011,-0.51
WA,1,2012,-1.3978260869565216
WA,2,2009,-0.31976744186046513
WA,2,2010,1.2417582417582418
WA,2,2011,-2.5175824175824175
WA,3,2008,-0.6532467532467533
WA,3,2009,-0.9258426966292134
WA,3,2010,1.880434782608696
WA,3,2011,1.0053763440860217
WA,3,2012,0.08681318681318681
WA,4,2008,0.9698630136986301
WA,4,2009,3.784269662921348
WA,4,2010,3.2064516129032254
WA,4,2011,1.0258426966292133
WA,4,2012,4.218478260869565
WA,5,2008,7.5858974358974365
WA,5,2009,8.212643678160918
WA,5,2010,5.587234042553192
WA,5,2011,4.9
WA,5,2012,6.6395833333333325
WA,6,2008,9.657831325301203
WA,6,2009,11.9
WA,6,2010,9.438461538461537
WA,6,2011,8.642105263157895
WA,6,2012,8.220408163265306
WA,7,2008,14.98333333333333
WA,7,2009,17.164444444444445
WA,7,2010,14.956521739130435
WA,7,2011,11.977319587628866
WA,7,2012,14.462244897959184
WA,8,2008,14.48241758241758
WA,8,2009,15.51153846153846
WA,8,2010,14.170408163265305
WA,8,2011,14.807291666666666
WA,8,2012,15.998947368421053
WA,9,2008,12.316483516483517
WA,9,2009,12.937647058823528
WA,9,2010,10.64639175257732
WA,9,2011,13.78265306122449
WA,9,2012,13.443298969072163
WA,10,2008,6.063636363636364
WA,10,2009,4.346067415730337
WA,10,2010,6.855789473684211
WA,10,2011,5.484536082474226
WA,10,2012,6.310526315789474
WA,11,2008,3.332954545454545
WA,11,2009,1.2532608695652174
WA,11,2010,-0.12903225806451613
WA,11,2011,-0.3684210526315789
WA,11,2012,1.85
WA,12,2008,-3.9609756097560975
WA,12,2009,-3.3417582417582414
WA,12,2010,-1.5168539325842696
WA,12,2011,-0.4510638297872341
WA,12,2012,-1.8488372093023255
WI,1,2008,-9.883333333333331
WI,1,2009,-13.916666666666666
WI,1,2010,-9.683333333333332
WI,1,2011,-11.05
WI,1,2012,-5.9833333333333325
WI,2,2009,-6.466666666666667
WI,2,2010,-6.78
WI,2,2011,-6.9833333333333325
WI,3,2008,-3.1333333333333333
WI,3,2009,-0.75
WI,3,2010,3.36
WI,3,2011,-1.6666666666666667
WI,3,2012,7.75
WI,4,2008,5.883333333333333
WI,4,2009,6.316666666666666
WI,4,2010,10.216666666666665
WI,4,2011,5.516666666666667
WI,4,2012,7.3166666666666655
WI,5,2008,11.23333333333333
WI,5,2009,13.1
WI,5,2010,14.45
WI,5,2011,12.666666666666666
WI,5,2012,15.533333333333331
WI,6,2008,17.68333333333333
WI,6,2009,17.516666666666666
WI,6,2010,18.133333333333333
WI,6,2011,18.3
WI,6,2012,20.18333333333333
WI,7,2008,20.516666666666662
WI,7,2009,17.73333333333333
WI,7,2010,21.73333333333333
WI,7,2011,22.9
WI,7,2012,23.73333333333333
WI,8,2008,19.133333333333333
WI,8,2009,18.116666666666664
WI,8,2010,21.3
WI,8,2011,19.96666666666666
WI,8,2012,19.583333333333332
WI,9,2008,15.23333333333333
WI,9,2009,16.05
WI,9,2010,12.54
WI,9,2011,13.666666666666666
WI,9,2012,13.816666666666666
WI,10,2008,8.083333333333332
WI,10,2009,5.166666666666666
WI,10,2010,8.42
WI,10,2011,9.56
WI,10,2012,6.75
WI,11,2008,0.2
WI,11,2009,4.216666666666667
WI,11,2010,1.0166666666666664
WI,11,2011,2.216666666666667
WI,11,2012,1.1833333333333331
WI,12,2008,-10.58333333333333
WI,12,2009,-7.9833333333333325
WI,12,2010,-8.5
WI,12,2011,-3.65
WI,12,2012,-4.383333333333333
WV,1,2008,-1.0
WV,1,2009,-2.6
WV,1,2010,-3.3
WV,1,2011,-2.8
WV,1,2012,1.6
WV,2,2009,1.3
WV,2,2010,-3.2
WV,2,2011,3.0
WV,3,2008,5.7
WV,3,2009,6.2
WV,3,2010,5.5
WV,3,2011,5.3
WV,3,2012,11.3
WV,4,2008,11.4
WV,4,2009,11.4
WV,4,2010,13.9
WV,4,2011,13.4
WV,4,2012,11.4
WV,5,2008,14.1
WV,5,2009,15.5
WV,5,2010,17.2
WV,5,2011,15.7
WV,5,2012,17.8
WV,6,2008,19.7
WV,6,2009,19.4
WV,6,2010,21.2
WV,6,2011,19.9
WV,6,2012,19.5
WV,7,2008,20.1
WV,7,2009,18.5
WV,7,2010,21.9
WV,7,2011,22.7
WV,8,2008,18.7
WV,8,2009,19.9
WV,8,2010,21.5
WV,8,2011,21.1
WV,9,2008,17.7
WV,9,2009,16.4
WV,9,2010,17.7
WV,9,2011,16.9
WV,9,2012,16.5
WV,10,2008,10.1
WV,10,2009,9.8
WV,10,2010,11.8
WV,10,2011,10.2
WV,10,2012,10.3
WV,11,2008,3.7
WV,11,2009,7.3
WV,11,2010,6.4
WV,11,2011,7.9
WV,11,2012,3.9
WV,12,2009,-0.3
WV,12,2010,-5.0
WV,12,2011,3.5
WV,12,2012,3.6
WY,1,2008,-9.524175824175824
WY,1,2009,-5.848958333333333
WY,1,2010,-5.865625
WY,1,2011,-7.09381443298969
WY,1,2012,-5.522222222222222
WY,2,2009,-5.116494845360825
WY,2,2010,-7.207142857142857
WY,2,2011,-8.456818181818182
WY,3,2008,-4.975
WY,3,2009,-2.970103092783505
WY,3,2010,-1.787878787878788
WY,3,2011,-2.6676470588235293
WY,3,2012,0.6346534653465346
WY,4,2008,-1.0875
WY,4,2009,0.93125
WY,4,2010,0.5193877551020409
WY,4,2011,-1.015686274509804
WY,4,2012,3.2932038834951456
WY,5,2008,4.5
WY,5,2009,6.361458333333333
WY,5,2010,2.9262626262626266
WY,5,2011,3.1323529411764706
WY,5,2012,6.0931372549019605
WY,6,2008,9.65520833333333
WY,6,2009,8.832291666666666
WY,6,2010,9.821428571428573
WY,6,2011,9.186868686868689
WY,6,2012,12.843689320388348
WY,7,2008,15.529787234042553
WY,7,2009,13.563829787234042
WY,7,2010,14.23265306122449
WY,7,2011,15.015463917525773
WY,7,2012,16.21919191919192
WY,8,2008,14.129473684210526
WY,8,2009,12.7
WY,8,2010,13.101030927835053
WY,8,2011,14.607070707070708
WY,8,2012,15.219
WY,9,2008,8.06875
WY,9,2009,10.612244897959185
WY,9,2010,10.138613861386137
WY,9,2011,10.044117647058824
WY,9,2012,10.494230769230768
WY,10,2008,3.2505376344086025
WY,10,2009,-0.804040404040404
WY,10,2010,4.809
WY,10,2011,3.507920792079208
WY,10,2012,2.3757281553398055
WY,11,2008,-0.6257731958762888
WY,11,2009,-1.4696969696969695
WY,11,2010,-4.058
WY,11,2011,-4.033980582524272
WY,11,2012,-0.6068627450980392
WY,12,2008,-8.092391304347826
WY,12,2009,-10.56521739130435
WY,12,2010,-5.563636363636364
WY,12,2011,-6.909
WY,12,2012,-7.272115384615384
