stateabbr,month,year,average_monthly
AK,1,2008,-16.6540540540540541
AK,1,2009,-16.5732283464566929
AK,1,2010,-14.3333333333333333
AK,1,2011,-12.3330935251798561
AK,1,2012,-20.6568345323741007
AK,2,2009,-12.7830882352941177
AK,2,2010,-9.2753521126760563
AK,2,2011,-13.3727272727272727
AK,3,2008,-8.9643939393939394
AK,3,2009,-11.6188811188811189
AK,3,2010,-8.6168918918918919
AK,3,2011,-9.3406666666666667
AK,3,2012,-9.4823529411764706
AK,4,2008,-2.8116279069767442
AK,4,2009,-1.1635714285714286
AK,4,2010,-0.03310810810810810811
AK,4,2011,-1.6906666666666667
AK,4,2012,0.54871794871794872000
AK,5,2008,5.4601503759398496
AK,5,2009,6.9904761904761905
AK,5,2010,7.9045454545454546
AK,5,2011,7.1122580645161290
AK,5,2012,3.8579617834394905
AK,6,2008,10.9836734693877551
AK,6,2009,11.5117647058823529
AK,6,2010,11.3092024539877301
AK,6,2011,11.1705521472392638
AK,6,2012,10.0041666666666667
AK,7,2008,11.5026490066225166
AK,7,2009,15.3226415094339623
AK,7,2010,12.3395209580838323
AK,7,2011,12.6006289308176101
AK,7,2012,11.8520000000000000
AK,8,2008,9.4201298701298701
AK,8,2009,10.7346153846153846
AK,8,2010,11.6569620253164557
AK,8,2011,10.6359281437125749
AK,8,2012,9.7731843575418994
AK,9,2008,5.0460317460317460
AK,9,2009,6.8113475177304965
AK,9,2010,6.6775510204081633
AK,9,2011,6.7281250000000000
AK,9,2012,4.8259887005649718
AK,10,2008,-6.4496644295302013
AK,10,2009,-0.03708609271523178808
AK,10,2010,-1.6240259740259740
AK,10,2011,-0.89074074074074074000
AK,10,2012,-3.9381215469613260
AK,11,2008,-11.1041379310344828
AK,11,2009,-12.1527777777777778
AK,11,2010,-7.3077464788732394
AK,11,2011,-14.8161490683229814
AK,11,2012,-14.1790960451977401
AK,12,2008,-14.2518518518518519
AK,12,2009,-10.6776978417266187
AK,12,2010,-17.7311111111111111
AK,12,2011,-10.1736842105263158
AK,12,2012,-16.8611464968152866
AL,1,2008,5.7600000000000000
AL,1,2009,7.6833333333333333
AL,1,2010,4.3833333333333333
AL,1,2011,5.4166666666666667
AL,1,2012,10.6500000000000000
AL,2,2009,9.3000000000000000
AL,2,2010,4.5857142857142857
AL,2,2011,10.2600000000000000
AL,3,2008,12.9428571428571429
AL,3,2009,14.0500000000000000
AL,3,2010,10.6428571428571429
AL,3,2011,14.5000000000000000
AL,3,2012,17.9833333333333333
AL,4,2008,17.0600000000000000
AL,4,2009,16.5428571428571429
AL,4,2010,18.1000000000000000
AL,4,2011,19.3666666666666667
AL,4,2012,18.6000000000000000
AL,5,2008,21.6333333333333333
AL,5,2009,21.1000000000000000
AL,5,2010,22.5000000000000000
AL,5,2011,21.5166666666666667
AL,5,2012,22.6400000000000000
AL,6,2008,25.6500000000000000
AL,6,2009,25.8428571428571429
AL,6,2010,26.5142857142857143
AL,6,2011,26.9000000000000000
AL,6,2012,25.0833333333333333
AL,7,2008,26.2000000000000000
AL,7,2009,25.1857142857142857
AL,7,2010,27.4714285714285714
AL,7,2011,27.0500000000000000
AL,7,2012,26.8500000000000000
AL,8,2008,25.3833333333333333
AL,8,2009,24.8000000000000000
AL,8,2010,27.3142857142857143
AL,8,2011,27.4166666666666667
AL,8,2012,25.3000000000000000
AL,9,2008,23.1833333333333333
AL,9,2009,22.8428571428571429
AL,9,2010,24.7166666666666667
AL,9,2011,22.0800000000000000
AL,9,2012,22.4833333333333333
AL,10,2008,16.6000000000000000
AL,10,2009,17.4000000000000000
AL,10,2010,18.1833333333333333
AL,10,2011,15.9333333333333333
AL,10,2012,16.8500000000000000
AL,11,2008,10.7833333333333333
AL,11,2009,10.5400000000000000
AL,11,2010,13.1800000000000000
AL,11,2011,13.2666666666666667
AL,11,2012,11.0500000000000000
AL,12,2008,10.5800000000000000
AL,12,2009,6.4400000000000000
AL,12,2010,4.9666666666666667
AL,12,2011,10.1333333333333333
AL,12,2012,10.6500000000000000
AR,1,2008,3.5750000000000000
AR,1,2009,11.4500000000000000
AR,1,2010,1.8666666666666667
AR,1,2011,2.0800000000000000
AR,1,2012,6.2400000000000000
AR,2,2009,8.4000000000000000
AR,2,2010,1.7200000000000000
AR,2,2011,5.6200000000000000
AR,3,2008,10.0800000000000000
AR,3,2009,11.0000000000000000
AR,3,2010,9.2200000000000000
AR,3,2011,10.5166666666666667
AR,3,2012,15.6400000000000000
AR,4,2008,13.8400000000000000
AR,4,2009,14.5833333333333333
AR,4,2010,16.5166666666666667
AR,4,2011,16.8666666666666667
AR,4,2012,17.1166666666666667
AR,5,2008,19.3833333333333333
AR,5,2009,18.7400000000000000
AR,5,2010,20.6000000000000000
AR,5,2011,18.7333333333333333
AR,5,2012,22.3333333333333333
AR,6,2008,24.0166666666666667
AR,6,2009,25.2400000000000000
AR,6,2010,26.2600000000000000
AR,6,2011,26.9333333333333333
AR,6,2012,25.8400000000000000
AR,7,2008,26.0500000000000000
AR,7,2009,24.8333333333333333
AR,7,2010,26.5600000000000000
AR,7,2011,29.1000000000000000
AR,7,2012,28.4000000000000000
AR,8,2008,24.3500000000000000
AR,8,2009,23.7666666666666667
AR,8,2010,28.2000000000000000
AR,8,2011,27.9000000000000000
AR,8,2012,26.3333333333333333
AR,9,2008,20.3666666666666667
AR,9,2009,20.0000000000000000
AR,9,2010,22.3166666666666667
AR,9,2011,20.2500000000000000
AR,9,2012,22.4666666666666667
AR,10,2008,14.4833333333333333
AR,10,2009,12.7400000000000000
AR,10,2010,15.9833333333333333
AR,10,2011,15.5166666666666667
AR,10,2012,14.7666666666666667
AR,11,2008,8.5666666666666667
AR,11,2009,11.1400000000000000
AR,11,2010,10.1666666666666667
AR,11,2011,11.1166666666666667
AR,11,2012,10.3833333333333333
AR,12,2008,4.0500000000000000
AR,12,2009,2.0200000000000000
AR,12,2010,3.5600000000000000
AR,12,2011,5.7000000000000000
AR,12,2012,6.9500000000000000
AZ,1,2008,1.5621951219512195
AZ,1,2009,4.4188235294117647
AZ,1,2010,2.7537500000000000
AZ,1,2011,2.8011904761904762
AZ,1,2012,4.4470588235294118
AZ,2,2009,4.8559523809523810
AZ,2,2010,2.9678571428571429
AZ,2,2011,2.1831325301204819
AZ,3,2008,7.4580246913580247
AZ,3,2009,7.7952941176470588
AZ,3,2010,5.5390804597701149
AZ,3,2011,8.4441860465116279
AZ,3,2012,7.3785714285714286
AZ,4,2008,11.2154761904761905
AZ,4,2009,10.1904761904761905
AZ,4,2010,8.8523255813953488
AZ,4,2011,11.1337209302325581
AZ,4,2012,12.2523255813953488
AZ,5,2008,13.9882352941176471
AZ,5,2009,17.6670731707317073
AZ,5,2010,13.3811764705882353
AZ,5,2011,13.7686046511627907
AZ,5,2012,17.3627906976744186
AZ,6,2008,21.9583333333333333
AZ,6,2009,18.6176470588235294
AZ,6,2010,20.3609195402298851
AZ,6,2011,21.0465909090909091
AZ,6,2012,22.7046511627906977
AZ,7,2008,23.0139534883720930
AZ,7,2009,23.4011494252873563
AZ,7,2010,22.3453488372093023
AZ,7,2011,22.0579545454545455
AZ,7,2012,21.7178571428571429
AZ,8,2008,24.3011627906976744
AZ,8,2009,22.1988372093023256
AZ,8,2010,21.1602272727272727
AZ,8,2011,23.0694117647058824
AZ,8,2012,21.8895348837209302
AZ,9,2008,18.5223529411764706
AZ,9,2009,18.6218390804597701
AZ,9,2010,19.9686046511627907
AZ,9,2011,18.9022988505747126
AZ,9,2012,18.5195402298850575
AZ,10,2008,44.4896551724137931
AZ,10,2009,11.4108433734939759
AZ,10,2010,12.7471264367816092
AZ,10,2011,13.1659090909090909
AZ,10,2012,13.8752808988764045
AZ,11,2008,14.8117647058823529
AZ,11,2009,8.3825581395348837
AZ,11,2010,5.4500000000000000
AZ,11,2011,6.0930232558139535
AZ,11,2012,8.6045454545454546
AZ,12,2008,3.1012345679012346
AZ,12,2009,0.96219512195121951000
AZ,12,2010,5.0764705882352941
AZ,12,2011,1.4535714285714286
AZ,12,2012,2.4238636363636364
CA,1,2008,3.4512195121951220
CA,1,2009,7.4676470588235294
CA,1,2010,6.2777777777777778
CA,1,2011,6.6476351351351351
CA,1,2012,6.9931972789115646
CA,2,2009,5.7252396166134185
CA,2,2010,6.4589171974522293
CA,2,2011,4.7758389261744966
CA,3,2008,8.0036423841059603
CA,3,2009,7.5591639871382637
CA,3,2010,7.7092356687898089
CA,3,2011,7.0396666666666667
CA,3,2012,6.9725752508361204
CA,4,2008,10.2417218543046358
CA,4,2009,10.2864951768488746
CA,4,2010,8.1751592356687898
CA,4,2011,9.0615635179153095
CA,4,2012,10.8070000000000000
CA,5,2008,13.9860389610389610
CA,5,2009,16.6528052805280528
CA,5,2010,11.1819354838709677
CA,5,2011,11.2316993464052288
CA,5,2012,15.0535947712418301
CA,6,2008,19.4301948051948052
CA,6,2009,16.9514563106796117
CA,6,2010,17.7591054313099042
CA,6,2011,16.4375000000000000
CA,6,2012,17.7491638795986622
CA,7,2008,22.4122186495176849
CA,7,2009,23.0555205047318612
CA,7,2010,21.8525641025641026
CA,7,2011,20.8258278145695364
CA,7,2012,21.3314381270903010
CA,8,2008,22.3287500000000000
CA,8,2009,21.4512422360248447
CA,8,2010,20.3498432601880878
CA,8,2011,21.6147435897435897
CA,8,2012,23.1309210526315790
CA,9,2008,19.9638629283489097
CA,9,2009,20.5885714285714286
CA,9,2010,18.8905362776025237
CA,9,2011,20.1940983606557377
CA,9,2012,20.7187500000000000
CA,10,2008,14.7867507886435331
CA,10,2009,12.5750788643533123
CA,10,2010,13.2649681528662420
CA,10,2011,14.1491856677524430
CA,10,2012,14.3814332247557003
CA,11,2008,10.6134615384615385
CA,11,2009,8.9429467084639498
CA,11,2010,7.5718954248366013
CA,11,2011,7.2794117647058824
CA,11,2012,9.3980456026058632
CA,12,2008,4.4996644295302013
CA,12,2009,4.2145631067961165
CA,12,2010,6.2378472222222222
CA,12,2011,5.1692052980132450
CA,12,2012,4.2704318936877076
CO,1,2008,-8.2613333333333333
CO,1,2009,-3.9509554140127389
CO,1,2010,-5.2379746835443038
CO,1,2011,-6.4277108433734940
CO,1,2012,-4.0873493975903615
CO,2,2009,-3.5812903225806452
CO,2,2010,-6.4602484472049689
CO,2,2011,-6.0560000000000000
CO,3,2008,-2.8259493670886076
CO,3,2009,-0.32911392405063291000
CO,3,2010,-1.5426829268292683
CO,3,2011,-0.20481927710843373000
CO,3,2012,1.9748466257668712
CO,4,2008,0.91783439490445860000
CO,4,2009,1.3018987341772152
CO,4,2010,1.9860606060606061
CO,4,2011,1.5837349397590361
CO,4,2012,4.3686390532544379
CO,5,2008,5.3743421052631579
CO,5,2009,7.8083870967741936
CO,5,2010,6.0631250000000000
CO,5,2011,5.2439759036144578
CO,5,2012,8.5455621301775148
CO,6,2008,11.6467105263157895
CO,6,2009,10.2851612903225807
CO,6,2010,13.0012820512820513
CO,6,2011,13.2539877300613497
CO,6,2012,15.5254545454545455
CO,7,2008,15.2431372549019608
CO,7,2009,14.2381578947368421
CO,7,2010,15.1847133757961783
CO,7,2011,15.2445859872611465
CO,7,2012,16.0415094339622642
CO,8,2008,13.7063291139240506
CO,8,2009,13.3529411764705882
CO,8,2010,13.7607361963190184
CO,8,2011,15.3240740740740741
CO,8,2012,14.5776470588235294
CO,9,2008,9.8630573248407643
CO,9,2009,9.6594936708860760
CO,9,2010,12.1503067484662577
CO,9,2011,10.3149700598802395
CO,9,2012,10.6494047619047619
CO,10,2008,4.7259493670886076
CO,10,2009,1.9322784810126582
CO,10,2010,5.2331325301204819
CO,10,2011,4.3914634146341463
CO,10,2012,4.9430303030303030
CO,11,2008,-0.13913043478260870000
CO,11,2009,0.25759493670886076000
CO,11,2010,-2.7551515151515152
CO,11,2011,-1.7497041420118343
CO,11,2012,0.93012048192771084000
CO,12,2008,-5.3625806451612903
CO,12,2009,-8.5527027027027027
CO,12,2010,-2.8530487804878049
CO,12,2011,-5.9474683544303798
CO,12,2012,-5.8319277108433735
DE,1,2008,3.4000000000000000
DE,1,2009,-0.20000000000000000000
DE,1,2010,1.00000000000000000000
DE,1,2011,-0.20000000000000000000
DE,1,2012,4.8000000000000000
DE,2,2009,4.2000000000000000
DE,2,2010,0.50000000000000000000
DE,2,2011,4.5000000000000000
DE,3,2008,8.2000000000000000
DE,3,2009,6.5000000000000000
DE,3,2010,9.1000000000000000
DE,3,2011,7.1000000000000000
DE,3,2012,10.9000000000000000
DE,4,2008,12.8000000000000000
DE,4,2009,13.1000000000000000
DE,4,2010,14.7000000000000000
DE,4,2011,14.5000000000000000
DE,4,2012,13.4000000000000000
DE,5,2008,16.7000000000000000
DE,5,2009,17.7000000000000000
DE,5,2010,18.9000000000000000
DE,5,2011,19.1000000000000000
DE,5,2012,19.4000000000000000
DE,6,2008,24.4000000000000000
DE,6,2009,21.1000000000000000
DE,6,2010,25.0000000000000000
DE,6,2011,23.8000000000000000
DE,6,2012,22.4000000000000000
DE,7,2008,25.2000000000000000
DE,7,2009,23.5000000000000000
DE,7,2010,26.6000000000000000
DE,7,2011,26.5000000000000000
DE,7,2012,26.6000000000000000
DE,8,2008,22.9000000000000000
DE,8,2009,24.8000000000000000
DE,8,2010,24.7000000000000000
DE,8,2011,24.0000000000000000
DE,8,2012,24.6000000000000000
DE,9,2008,21.1000000000000000
DE,9,2009,19.8000000000000000
DE,9,2010,22.1000000000000000
DE,9,2011,21.6000000000000000
DE,9,2012,20.5000000000000000
DE,10,2008,13.7000000000000000
DE,10,2009,14.9000000000000000
DE,10,2010,15.3000000000000000
DE,10,2011,14.4000000000000000
DE,10,2012,15.7000000000000000
DE,11,2008,7.9000000000000000
DE,11,2009,11.1000000000000000
DE,11,2010,9.1000000000000000
DE,11,2011,11.3000000000000000
DE,11,2012,7.3000000000000000
DE,12,2008,5.6000000000000000
DE,12,2009,3.7000000000000000
DE,12,2010,0.10000000000000000000
DE,12,2011,7.3000000000000000
DE,12,2012,7.3000000000000000
FL,1,2008,14.4875000000000000
FL,1,2009,13.8000000000000000
FL,1,2010,11.5058823529411765
FL,1,2011,12.2687500000000000
FL,1,2012,15.2312500000000000
FL,2,2009,14.1176470588235294
FL,2,2010,11.9705882352941177
FL,2,2011,16.1588235294117647
FL,3,2008,18.1529411764705882
FL,3,2009,17.9176470588235294
FL,3,2010,15.1187500000000000
FL,3,2011,18.7352941176470588
FL,3,2012,20.5750000000000000
FL,4,2008,20.7312500000000000
FL,4,2009,21.0600000000000000
FL,4,2010,20.8312500000000000
FL,4,2011,22.5200000000000000
FL,4,2012,21.1266666666666667
FL,5,2008,24.0600000000000000
FL,5,2009,24.0133333333333333
FL,5,2010,25.3588235294117647
FL,5,2011,23.9437500000000000
FL,5,2012,24.7400000000000000
FL,6,2008,26.0437500000000000
FL,6,2009,27.0750000000000000
FL,6,2010,27.7470588235294118
FL,6,2011,26.7562500000000000
FL,6,2012,26.0733333333333333
FL,7,2008,26.6812500000000000
FL,7,2009,27.1470588235294118
FL,7,2010,27.9937500000000000
FL,7,2011,27.2333333333333333
FL,7,2012,27.0153846153846154
FL,8,2008,26.9750000000000000
FL,8,2009,27.1647058823529412
FL,8,2010,27.7875000000000000
FL,8,2011,27.7714285714285714
FL,8,2012,26.9538461538461539
FL,9,2008,26.3066666666666667
FL,9,2009,26.3687500000000000
FL,9,2010,26.3411764705882353
FL,9,2011,25.9533333333333333
FL,9,2012,25.8384615384615385
FL,10,2008,21.9687500000000000
FL,10,2009,23.8562500000000000
FL,10,2010,22.1352941176470588
FL,10,2011,21.2058823529411765
FL,10,2012,22.8846153846153846
FL,11,2008,16.6437500000000000
FL,11,2009,18.4941176470588235
FL,11,2010,18.0937500000000000
FL,11,2011,18.9647058823529412
FL,11,2012,16.7571428571428571
FL,12,2008,16.7285714285714286
FL,12,2009,15.5133333333333333
FL,12,2010,10.0000000000000000
FL,12,2011,17.6000000000000000
FL,12,2012,16.9846153846153846
GA,1,2008,6.7880000000000000
GA,1,2009,7.4000000000000000
GA,1,2010,4.6464285714285714
GA,1,2011,4.8166666666666667
GA,1,2012,9.3551724137931035
GA,2,2009,8.4785714285714286
GA,2,2010,4.9862068965517241
GA,2,2011,10.0172413793103448
GA,3,2008,12.3793103448275862
GA,3,2009,13.0222222222222222
GA,3,2010,10.6566666666666667
GA,3,2011,13.6233333333333333
GA,3,2012,17.4000000000000000
GA,4,2008,16.7321428571428571
GA,4,2009,16.7518518518518519
GA,4,2010,17.9333333333333333
GA,4,2011,18.8172413793103448
GA,4,2012,18.2866666666666667
GA,5,2008,21.0034482758620690
GA,5,2009,20.8413793103448276
GA,5,2010,22.3700000000000000
GA,5,2011,21.6433333333333333
GA,5,2012,22.3137931034482759
GA,6,2008,25.4821428571428571
GA,6,2009,25.6433333333333333
GA,6,2010,26.2206896551724138
GA,6,2011,26.2633333333333333
GA,6,2012,23.9535714285714286
GA,7,2008,25.4571428571428571
GA,7,2009,24.7466666666666667
GA,7,2010,27.0172413793103448
GA,7,2011,26.8482758620689655
GA,7,2012,26.7533333333333333
GA,8,2008,25.1269230769230769
GA,8,2009,24.7700000000000000
GA,8,2010,26.6035714285714286
GA,8,2011,27.0931034482758621
GA,8,2012,24.4321428571428571
GA,9,2008,22.8423076923076923
GA,9,2009,22.4586206896551724
GA,9,2010,23.7827586206896552
GA,9,2011,22.3357142857142857
GA,9,2012,22.1724137931034483
GA,10,2008,16.1296296296296296
GA,10,2009,17.1310344827586207
GA,10,2010,17.4310344827586207
GA,10,2011,15.7807692307692308
GA,10,2012,16.9966666666666667
GA,11,2008,10.5791666666666667
GA,11,2009,12.3392857142857143
GA,11,2010,12.0821428571428571
GA,11,2011,13.0250000000000000
GA,11,2012,10.8566666666666667
GA,12,2008,10.3037037037037037
GA,12,2009,7.4392857142857143
GA,12,2010,3.6892857142857143
GA,12,2011,9.9040000000000000
GA,12,2012,10.2964285714285714
HI,1,2008,18.0285714285714286
HI,1,2009,17.7210526315789474
HI,1,2010,18.7888888888888889
HI,1,2011,18.4277777777777778
HI,1,2012,19.2545454545454546
HI,2,2009,18.2900000000000000
HI,2,2010,18.0850000000000000
HI,2,2011,19.6200000000000000
HI,3,2008,19.8217391304347826
HI,3,2009,17.5950000000000000
HI,3,2010,18.0684210526315790
HI,3,2011,19.7800000000000000
HI,3,2012,17.0000000000000000
HI,4,2008,19.7913043478260870
HI,4,2009,18.2952380952380952
HI,4,2010,18.8210526315789474
HI,4,2011,19.4647058823529412
HI,4,2012,18.8368421052631579
HI,5,2008,20.3272727272727273
HI,5,2009,20.2750000000000000
HI,5,2010,20.1842105263157895
HI,5,2011,19.7588235294117647
HI,5,2012,20.0428571428571429
HI,6,2008,21.3652173913043478
HI,6,2009,21.4631578947368421
HI,6,2010,21.0500000000000000
HI,6,2011,20.1375000000000000
HI,6,2012,21.4666666666666667
HI,7,2008,21.9956521739130435
HI,7,2009,22.1190476190476191
HI,7,2010,20.7611111111111111
HI,7,2011,20.4375000000000000
HI,7,2012,22.3894736842105263
HI,8,2008,21.8636363636363636
HI,8,2009,22.6523809523809524
HI,8,2010,21.3578947368421053
HI,8,2011,21.4950000000000000
HI,8,2012,22.8894736842105263
HI,9,2008,21.6000000000000000
HI,9,2009,22.8636363636363636
HI,9,2010,21.6842105263157895
HI,9,2011,21.2700000000000000
HI,9,2012,22.1450000000000000
HI,10,2008,21.1142857142857143
HI,10,2009,21.8421052631578947
HI,10,2010,21.3444444444444444
HI,10,2011,21.0285714285714286
HI,10,2012,20.9631578947368421
HI,11,2008,20.0950000000000000
HI,11,2009,20.2684210526315790
HI,11,2010,20.1722222222222222
HI,11,2011,19.9523809523809524
HI,11,2012,19.6050000000000000
HI,12,2008,18.8315789473684211
HI,12,2009,19.1600000000000000
HI,12,2010,19.2500000000000000
HI,12,2011,19.1500000000000000
HI,12,2012,19.1052631578947368
IA,1,2008,-7.2000000000000000
IA,1,2009,-7.5500000000000000
IA,1,2011,-7.9500000000000000
IA,1,2012,-1.1000000000000000
IA,2,2009,-1.6500000000000000
IA,2,2010,-7.0500000000000000
IA,2,2011,-3.4500000000000000
IA,3,2008,1.6000000000000000
IA,3,2009,4.0000000000000000
IA,3,2010,4.1500000000000000
IA,3,2011,3.2000000000000000
IA,3,2012,12.7000000000000000
IA,4,2008,8.4000000000000000
IA,4,2009,9.6500000000000000
IA,4,2010,14.0000000000000000
IA,4,2011,10.0000000000000000
IA,4,2012,13.2000000000000000
IA,5,2008,15.6500000000000000
IA,5,2009,17.1500000000000000
IA,5,2010,16.5000000000000000
IA,5,2011,16.5000000000000000
IA,5,2012,19.3000000000000000
IA,6,2008,21.6500000000000000
IA,6,2009,21.5000000000000000
IA,6,2010,21.9500000000000000
IA,6,2011,22.1000000000000000
IA,6,2012,23.6500000000000000
IA,7,2008,23.9500000000000000
IA,7,2009,21.2500000000000000
IA,7,2010,24.9500000000000000
IA,7,2011,26.8500000000000000
IA,7,2012,27.7500000000000000
IA,8,2008,22.2000000000000000
IA,8,2009,21.3000000000000000
IA,8,2010,24.9000000000000000
IA,8,2011,23.4500000000000000
IA,8,2012,22.8500000000000000
IA,9,2008,17.9000000000000000
IA,9,2009,17.8000000000000000
IA,9,2010,17.9000000000000000
IA,9,2011,16.7000000000000000
IA,9,2012,17.9500000000000000
IA,10,2008,11.6000000000000000
IA,10,2009,7.7500000000000000
IA,10,2010,12.9000000000000000
IA,10,2011,13.2500000000000000
IA,10,2012,10.3000000000000000
IA,11,2008,3.3500000000000000
IA,11,2009,7.0500000000000000
IA,11,2010,4.1000000000000000
IA,11,2011,5.1500000000000000
IA,11,2012,5.2500000000000000
IA,12,2008,-6.3500000000000000
IA,12,2009,-5.6000000000000000
IA,12,2010,-4.9000000000000000
IA,12,2011,-0.60000000000000000000
IA,12,2012,-1.6500000000000000
ID,1,2008,-6.6949275362318841
ID,1,2009,-3.7605633802816901
ID,1,2010,-2.4195945945945946
ID,1,2011,-4.3883561643835616
ID,1,2012,-3.2608108108108108
ID,2,2009,-2.8805555555555556
ID,2,2010,-2.5912751677852349
ID,2,2011,-4.7040540540540541
ID,3,2008,-1.9412587412587413
ID,3,2009,-1.5853146853146853
ID,3,2010,0.44362416107382550000
ID,3,2011,-0.28523489932885906000
ID,3,2012,1.2513888888888889
ID,4,2008,1.1324137931034483
ID,4,2009,3.2853146853146853
ID,4,2010,2.9751677852348993
ID,4,2011,0.90273972602739726000
ID,4,2012,5.3019867549668874
ID,5,2008,8.0632653061224490
ID,5,2009,9.1959183673469388
ID,5,2010,5.0617449664429530
ID,5,2011,6.1130136986301370
ID,5,2012,8.2105960264900662
ID,6,2008,12.5013245033112583
ID,6,2009,11.8765100671140940
ID,6,2010,11.5686666666666667
ID,6,2011,10.8433333333333333
ID,6,2012,12.7614379084967320
ID,7,2008,18.3961038961038961
ID,7,2009,17.7219354838709677
ID,7,2010,16.9275641025641026
ID,7,2011,17.0847682119205298
ID,7,2012,19.2233766233766234
ID,8,2008,17.1689873417721519
ID,8,2009,16.3379746835443038
ID,8,2010,15.7993506493506494
ID,8,2011,17.9541935483870968
ID,8,2012,18.7205128205128205
ID,9,2008,12.0392405063291139
ID,9,2009,14.4589743589743590
ID,9,2010,12.4045454545454546
ID,9,2011,14.3269230769230769
ID,9,2012,13.7615384615384615
ID,10,2008,5.7106666666666667
ID,10,2009,2.7585526315789474
ID,10,2010,7.1243421052631579
ID,10,2011,5.9269736842105263
ID,10,2012,5.2724832214765101
ID,11,2008,1.8463087248322148
ID,11,2009,-0.31733333333333333000
ID,11,2010,-1.7000000000000000
ID,11,2011,-1.7662251655629139
ID,11,2012,1.1278145695364238
ID,12,2008,-5.6215277777777778
ID,12,2009,-7.2448979591836735
ID,12,2010,-3.3986577181208054
ID,12,2011,-4.2288590604026846
ID,12,2012,-4.1574324324324324
IL,1,2008,0.66666666666666667000
IL,1,2009,-0.76666666666666667000
IL,1,2010,-1.03333333333333333000
IL,1,2011,-0.86666666666666667000
IL,1,2012,3.8000000000000000
IL,2,2009,4.3333333333333333
IL,2,2010,0.16666666666666667000
IL,2,2011,3.6666666666666667
IL,3,2008,8.0500000000000000
IL,3,2009,10.3666666666666667
IL,3,2010,8.9333333333333333
IL,3,2011,8.8333333333333333
IL,3,2012,15.8666666666666667
IL,4,2008,13.0666666666666667
IL,4,2009,13.9666666666666667
IL,4,2010,17.0000000000000000
IL,4,2011,16.1333333333333333
IL,4,2012,15.8333333333333333
IL,5,2008,17.8666666666666667
IL,5,2009,18.7666666666666667
IL,5,2010,20.3000000000000000
IL,5,2011,18.5333333333333333
IL,5,2012,22.3000000000000000
IL,6,2008,24.5333333333333333
IL,6,2009,24.8333333333333333
IL,6,2010,26.1666666666666667
IL,6,2011,25.0333333333333333
IL,6,2012,24.6333333333333333
IL,7,2008,25.1666666666666667
IL,7,2009,23.0666666666666667
IL,7,2010,26.5666666666666667
IL,7,2011,27.4666666666666667
IL,7,2012,28.1333333333333333
IL,8,2008,23.6666666666666667
IL,8,2009,23.4333333333333333
IL,8,2010,26.5666666666666667
IL,8,2011,25.2666666666666667
IL,8,2012,24.9000000000000000
IL,9,2008,20.9333333333333333
IL,9,2009,20.8000000000000000
IL,9,2010,21.3666666666666667
IL,9,2011,19.0666666666666667
IL,9,2012,19.9000000000000000
IL,10,2008,14.2666666666666667
IL,10,2009,12.3000000000000000
IL,10,2010,15.5333333333333333
IL,10,2011,14.2000000000000000
IL,10,2012,13.2000000000000000
IL,11,2008,6.7000000000000000
IL,11,2009,10.8333333333333333
IL,11,2010,8.8666666666666667
IL,11,2011,10.0333333333333333
IL,11,2012,7.4666666666666667
IL,12,2008,1.8000000000000000
IL,12,2009,1.6000000000000000
IL,12,2010,-0.26666666666666667000
IL,12,2011,5.0333333333333333
IL,12,2012,6.3000000000000000
IN,1,2008,-1.7666666666666667
IN,1,2009,-1.9500000000000000
IN,1,2010,-3.0750000000000000
IN,1,2011,-3.2250000000000000
IN,1,2012,1.2250000000000000
IN,2,2009,4.0750000000000000
IN,2,2010,-2.0750000000000000
IN,2,2011,1.5250000000000000
IN,3,2008,4.7750000000000000
IN,3,2009,8.0250000000000000
IN,3,2010,7.3000000000000000
IN,3,2011,6.3250000000000000
IN,3,2012,12.8666666666666667
IN,4,2008,12.0500000000000000
IN,4,2009,11.9250000000000000
IN,4,2010,15.0750000000000000
IN,4,2011,13.1250000000000000
IN,4,2012,12.4750000000000000
IN,5,2008,15.3250000000000000
IN,5,2009,16.9333333333333333
IN,5,2010,18.2750000000000000
IN,5,2011,16.7000000000000000
IN,5,2012,19.7750000000000000
IN,6,2008,21.9666666666666667
IN,6,2009,21.7666666666666667
IN,6,2010,23.4500000000000000
IN,6,2011,22.0500000000000000
IN,6,2012,22.3500000000000000
IN,7,2008,22.9000000000000000
IN,7,2009,20.8250000000000000
IN,7,2010,24.9250000000000000
IN,7,2011,25.8000000000000000
IN,7,2012,26.3250000000000000
IN,8,2008,22.1750000000000000
IN,8,2009,21.7000000000000000
IN,8,2010,24.7500000000000000
IN,8,2011,23.1750000000000000
IN,8,2012,22.2666666666666667
IN,9,2008,19.8750000000000000
IN,9,2009,18.7250000000000000
IN,9,2010,19.9250000000000000
IN,9,2011,17.4750000000000000
IN,9,2012,17.9500000000000000
IN,10,2008,12.6250000000000000
IN,10,2009,10.8000000000000000
IN,10,2010,13.5750000000000000
IN,10,2011,12.3750000000000000
IN,10,2012,11.7750000000000000
IN,11,2008,5.2500000000000000
IN,11,2009,8.9666666666666667
IN,11,2010,6.9750000000000000
IN,11,2011,9.1750000000000000
IN,11,2012,5.8333333333333333
IN,12,2008,-0.32500000000000000000
IN,12,2009,-0.03333333333333333333
IN,12,2010,-2.5000000000000000
IN,12,2011,3.5750000000000000
IN,12,2012,5.0000000000000000
KS,1,2008,-0.43333333333333333000
KS,1,2009,0.45000000000000000000
KS,1,2010,-2.3333333333333333
KS,1,2011,-2.2000000000000000
KS,1,2012,2.1666666666666667
KS,2,2009,4.4333333333333333
KS,2,2010,-0.93333333333333333000
KS,2,2011,-0.33333333333333333000
KS,3,2008,6.3000000000000000
KS,3,2009,7.5333333333333333
KS,3,2010,7.0333333333333333
KS,3,2011,6.9666666666666667
KS,3,2012,13.4000000000000000
KS,4,2008,11.0666666666666667
KS,4,2009,11.7666666666666667
KS,4,2010,14.6000000000000000
KS,4,2011,13.4333333333333333
KS,4,2012,15.6000000000000000
KS,5,2008,18.1333333333333333
KS,5,2009,17.8333333333333333
KS,5,2010,17.3000000000000000
KS,5,2011,17.7666666666666667
KS,5,2012,21.0333333333333333
KS,6,2008,23.7666666666666667
KS,6,2009,24.0000000000000000
KS,6,2010,25.3666666666666667
KS,6,2011,25.6333333333333333
KS,6,2012,25.8666666666666667
KS,7,2008,25.7333333333333333
KS,7,2009,24.5666666666666667
KS,7,2010,26.3333333333333333
KS,7,2011,29.7666666666666667
KS,7,2012,29.4666666666666667
KS,8,2008,23.7000000000000000
KS,8,2009,23.5000000000000000
KS,8,2010,26.1000000000000000
KS,8,2011,27.4333333333333333
KS,8,2012,24.9000000000000000
KS,9,2008,18.9666666666666667
KS,9,2009,18.4666666666666667
KS,9,2010,21.5000000000000000
KS,9,2011,19.0000000000000000
KS,9,2012,20.2333333333333333
KS,10,2008,13.0333333333333333
KS,10,2009,9.5000000000000000
KS,10,2010,14.7000000000000000
KS,10,2011,14.0000000000000000
KS,10,2012,12.4000000000000000
KS,11,2008,6.8333333333333333
KS,11,2009,8.3666666666666667
KS,11,2010,6.1500000000000000
KS,11,2011,6.3000000000000000
KS,11,2012,8.4666666666666667
KS,12,2008,0.20000000000000000000
KS,12,2009,-2.5333333333333333
KS,12,2010,0.23333333333333333000
KS,12,2011,0.20000000000000000000
KS,12,2012,1.5666666666666667
KY,1,2008,1.2714285714285714
KY,1,2009,0.30000000000000000000
KY,1,2010,-0.81111111111111111000
KY,1,2011,-0.66000000000000000000
KY,1,2012,4.1555555555555556
KY,2,2009,4.1400000000000000
KY,2,2010,-0.40000000000000000000
KY,2,2011,4.7200000000000000
KY,3,2008,8.2166666666666667
KY,3,2009,10.9600000000000000
KY,3,2010,8.5111111111111111
KY,3,2011,8.6500000000000000
KY,3,2012,14.9125000000000000
KY,4,2008,13.6875000000000000
KY,4,2009,14.1100000000000000
KY,4,2010,16.5777777777777778
KY,4,2011,15.7600000000000000
KY,4,2012,14.5900000000000000
KY,5,2008,17.2555555555555556
KY,5,2009,18.5222222222222222
KY,5,2010,19.9100000000000000
KY,5,2011,18.0555555555555556
KY,5,2012,20.8750000000000000
KY,6,2008,23.4400000000000000
KY,6,2009,23.0800000000000000
KY,6,2010,24.8300000000000000
KY,6,2011,23.0375000000000000
KY,6,2012,23.2833333333333333
KY,7,2008,24.0777777777777778
KY,7,2009,22.0200000000000000
KY,7,2010,25.6300000000000000
KY,7,2011,25.8714285714285714
KY,7,2012,26.1111111111111111
KY,8,2008,23.4333333333333333
KY,8,2009,23.0600000000000000
KY,8,2010,25.4333333333333333
KY,8,2011,24.4125000000000000
KY,8,2012,23.6111111111111111
KY,9,2008,21.6500000000000000
KY,9,2009,20.2333333333333333
KY,9,2010,21.2100000000000000
KY,9,2011,19.1714285714285714
KY,9,2012,19.4333333333333333
KY,10,2008,13.8800000000000000
KY,10,2009,12.5222222222222222
KY,10,2010,14.7666666666666667
KY,10,2011,13.4444444444444444
KY,10,2012,12.7714285714285714
KY,11,2008,6.5500000000000000
KY,11,2009,15.0900000000000000
KY,11,2010,8.7666666666666667
KY,11,2011,10.5900000000000000
KY,11,2012,7.0444444444444444
KY,12,2008,3.1400000000000000
KY,12,2009,2.5500000000000000
KY,12,2010,-1.3600000000000000
KY,12,2011,5.7800000000000000
KY,12,2012,6.4750000000000000
LA,1,2008,8.0800000000000000
LA,1,2009,9.3571428571428571
LA,1,2010,7.2714285714285714
LA,1,2011,7.7000000000000000
LA,1,2012,12.3428571428571429
LA,2,2009,12.4000000000000000
LA,2,2010,6.5000000000000000
LA,2,2011,11.0250000000000000
LA,3,2008,15.4375000000000000
LA,3,2009,14.8142857142857143
LA,3,2010,12.8428571428571429
LA,3,2011,16.3571428571428571
LA,3,2012,19.3500000000000000
LA,4,2008,18.7375000000000000
LA,4,2009,18.3571428571428571
LA,4,2010,19.6875000000000000
LA,4,2011,21.7750000000000000
LA,4,2012,20.5625000000000000
LA,5,2008,23.2875000000000000
LA,5,2009,23.2142857142857143
LA,5,2010,24.8500000000000000
LA,5,2011,23.3625000000000000
LA,5,2012,24.3625000000000000
LA,6,2008,26.6375000000000000
LA,6,2009,27.3833333333333333
LA,6,2010,28.1000000000000000
LA,6,2011,28.7875000000000000
LA,6,2012,27.0500000000000000
LA,7,2008,28.1375000000000000
LA,7,2009,27.6142857142857143
LA,7,2010,28.1750000000000000
LA,7,2011,28.6500000000000000
LA,7,2012,27.4250000000000000
LA,8,2008,26.7375000000000000
LA,8,2009,26.8000000000000000
LA,8,2010,28.9375000000000000
LA,8,2011,30.4500000000000000
LA,8,2012,27.4375000000000000
LA,9,2008,23.0142857142857143
LA,9,2009,24.3142857142857143
LA,9,2010,26.2500000000000000
LA,9,2011,24.2750000000000000
LA,9,2012,24.7875000000000000
LA,10,2008,19.2857142857142857
LA,10,2009,18.5875000000000000
LA,10,2010,20.0500000000000000
LA,10,2011,18.4714285714285714
LA,10,2012,18.4875000000000000
LA,11,2008,12.6142857142857143
LA,11,2009,13.8125000000000000
LA,11,2010,14.2750000000000000
LA,11,2011,14.8857142857142857
LA,11,2012,13.3375000000000000
LA,12,2008,10.4285714285714286
LA,12,2009,8.4857142857142857
LA,12,2010,9.1375000000000000
LA,12,2011,9.7000000000000000
LA,12,2012,12.5125000000000000
MA,1,2008,0.70000000000000000000
MA,1,2009,-1.8500000000000000
MA,1,2010,-1.05000000000000000000
MA,1,2011,-1.00000000000000000000
MA,1,2012,2.3000000000000000
MA,2,2009,0.80000000000000000000
MA,2,2010,0.05000000000000000000
MA,2,2011,0.30000000000000000000
MA,3,2008,2.6500000000000000
MA,3,2009,2.8500000000000000
MA,3,2010,5.4500000000000000
MA,3,2011,3.1000000000000000
MA,3,2012,6.3000000000000000
MA,4,2008,7.9000000000000000
MA,4,2009,8.4500000000000000
MA,4,2010,9.7000000000000000
MA,4,2011,8.8000000000000000
MA,4,2012,10.0000000000000000
MA,5,2008,11.6500000000000000
MA,5,2009,12.6500000000000000
MA,5,2010,15.0000000000000000
MA,5,2011,13.2000000000000000
MA,5,2012,14.4000000000000000
MA,6,2008,19.5500000000000000
MA,6,2009,15.1500000000000000
MA,6,2010,18.9000000000000000
MA,6,2011,17.6000000000000000
MA,6,2012,17.7000000000000000
MA,7,2008,22.6000000000000000
MA,7,2009,19.7000000000000000
MA,7,2010,23.0000000000000000
MA,7,2011,22.5000000000000000
MA,7,2012,22.5000000000000000
MA,8,2008,19.9000000000000000
MA,8,2009,21.9000000000000000
MA,8,2010,21.0000000000000000
MA,8,2011,21.3000000000000000
MA,8,2012,22.4000000000000000
MA,9,2008,17.5500000000000000
MA,9,2009,16.8000000000000000
MA,9,2010,18.9000000000000000
MA,9,2011,18.5000000000000000
MA,9,2012,17.9000000000000000
MA,10,2008,11.0000000000000000
MA,10,2009,10.9500000000000000
MA,10,2010,12.6000000000000000
MA,10,2011,13.7000000000000000
MA,10,2012,13.6000000000000000
MA,11,2008,5.9000000000000000
MA,11,2009,9.2500000000000000
MA,11,2010,7.3000000000000000
MA,11,2011,10.0000000000000000
MA,11,2012,7.0000000000000000
MA,12,2008,3.0500000000000000
MA,12,2009,1.1500000000000000
MA,12,2010,1.3000000000000000
MA,12,2011,5.4000000000000000
MA,12,2012,5.0000000000000000
MD,1,2008,3.7000000000000000
MD,1,2009,0.70000000000000000000
MD,1,2010,1.3000000000000000
MD,1,2011,0.70000000000000000000
MD,1,2012,6.0000000000000000
MD,2,2009,4.2500000000000000
MD,2,2010,1.3500000000000000
MD,2,2011,4.7500000000000000
MD,3,2008,8.8500000000000000
MD,3,2009,6.5500000000000000
MD,3,2010,8.8500000000000000
MD,3,2011,7.6500000000000000
MD,3,2012,11.9500000000000000
MD,4,2008,13.1500000000000000
MD,4,2009,12.1000000000000000
MD,4,2010,14.4000000000000000
MD,4,2011,13.8500000000000000
MD,4,2012,13.5500000000000000
MD,5,2008,17.2000000000000000
MD,5,2009,17.8000000000000000
MD,5,2010,19.0000000000000000
MD,5,2011,19.4000000000000000
MD,5,2012,19.8000000000000000
MD,6,2008,24.0500000000000000
MD,6,2009,22.2500000000000000
MD,6,2010,25.0500000000000000
MD,6,2011,24.1000000000000000
MD,6,2012,23.1500000000000000
MD,7,2008,14.8500000000000000
MD,7,2009,24.3000000000000000
MD,7,2010,26.6500000000000000
MD,7,2011,26.6000000000000000
MD,7,2012,27.3000000000000000
MD,8,2008,22.7000000000000000
MD,8,2009,25.6000000000000000
MD,8,2010,25.5000000000000000
MD,8,2011,24.9500000000000000
MD,8,2012,25.3000000000000000
MD,9,2008,22.0000000000000000
MD,9,2009,20.5500000000000000
MD,9,2010,22.9000000000000000
MD,9,2011,22.2000000000000000
MD,9,2012,21.5000000000000000
MD,10,2008,14.7500000000000000
MD,10,2009,15.3500000000000000
MD,10,2010,16.2000000000000000
MD,10,2011,15.3500000000000000
MD,10,2012,16.2000000000000000
MD,11,2008,8.8000000000000000
MD,11,2009,11.6000000000000000
MD,11,2010,9.8500000000000000
MD,11,2011,11.3000000000000000
MD,11,2012,7.0000000000000000
MD,12,2008,5.8500000000000000
MD,12,2009,4.6500000000000000
MD,12,2010,0.75000000000000000000
MD,12,2011,7.9000000000000000
MD,12,2012,7.5500000000000000
ME,1,2008,-4.1333333333333333
ME,1,2009,-9.1750000000000000
ME,1,2010,-3.9333333333333333
ME,1,2011,-6.4250000000000000
ME,1,2012,-3.9250000000000000
ME,2,2009,-3.7750000000000000
ME,2,2010,-1.6666666666666667
ME,2,2011,-4.9250000000000000
ME,3,2008,-0.82500000000000000000
ME,3,2009,-0.30000000000000000000
ME,3,2010,3.5500000000000000
ME,3,2011,0.30000000000000000000
ME,3,2012,3.5250000000000000
ME,4,2008,6.7500000000000000
ME,4,2009,7.1500000000000000
ME,4,2010,9.1750000000000000
ME,4,2011,6.1750000000000000
ME,4,2012,7.4000000000000000
ME,5,2008,11.6750000000000000
ME,5,2009,12.3000000000000000
ME,5,2010,13.9500000000000000
ME,5,2011,11.0500000000000000
ME,5,2012,13.0250000000000000
ME,6,2008,17.1500000000000000
ME,6,2009,15.8000000000000000
ME,6,2010,17.3250000000000000
ME,6,2011,16.2000000000000000
ME,6,2012,16.4500000000000000
ME,7,2008,21.1250000000000000
ME,7,2009,18.2666666666666667
ME,7,2010,21.7000000000000000
ME,7,2011,21.3750000000000000
ME,7,2012,21.1500000000000000
ME,8,2008,18.1000000000000000
ME,8,2009,20.3333333333333333
ME,8,2010,20.0750000000000000
ME,8,2011,19.2666666666666667
ME,8,2012,20.9500000000000000
ME,9,2008,14.9500000000000000
ME,9,2009,14.1666666666666667
ME,9,2010,16.5333333333333333
ME,9,2011,16.3250000000000000
ME,9,2012,15.0750000000000000
ME,10,2008,8.4250000000000000
ME,10,2009,7.0000000000000000
ME,10,2010,9.3500000000000000
ME,10,2011,10.2333333333333333
ME,10,2012,10.6500000000000000
ME,11,2008,3.5250000000000000
ME,11,2009,5.4000000000000000
ME,11,2010,3.9333333333333333
ME,11,2011,5.9750000000000000
ME,11,2012,2.1500000000000000
ME,12,2008,-2.6000000000000000
ME,12,2009,-2.9333333333333333
ME,12,2010,-1.7000000000000000
ME,12,2011,-0.17500000000000000000
ME,12,2012,-1.1750000000000000
MI,1,2008,-7.0444444444444444
MI,1,2009,-12.3500000000000000
MI,1,2010,-6.2857142857142857
MI,1,2011,-9.0666666666666667
MI,1,2012,-5.2333333333333333
MI,2,2009,-7.1333333333333333
MI,2,2010,-5.2142857142857143
MI,2,2011,-6.7333333333333333
MI,3,2008,-4.5272727272727273
MI,3,2009,-2.5000000000000000
MI,3,2010,2.3750000000000000
MI,3,2011,-2.8666666666666667
MI,3,2012,4.7500000000000000
MI,4,2008,5.1818181818181818
MI,4,2009,3.8700000000000000
MI,4,2010,7.6300000000000000
MI,4,2011,3.8444444444444444
MI,4,2012,4.7500000000000000
MI,5,2008,8.7090909090909091
MI,5,2009,9.4900000000000000
MI,5,2010,13.3888888888888889
MI,5,2011,11.1888888888888889
MI,5,2012,12.9600000000000000
MI,6,2008,15.8090909090909091
MI,6,2009,15.0555555555555556
MI,6,2010,15.8888888888888889
MI,6,2011,15.9222222222222222
MI,6,2012,17.8100000000000000
MI,7,2008,18.4090909090909091
MI,7,2009,15.6333333333333333
MI,7,2010,20.3700000000000000
MI,7,2011,21.0125000000000000
MI,7,2012,21.2900000000000000
MI,8,2008,18.0200000000000000
MI,8,2009,16.4888888888888889
MI,8,2010,20.0900000000000000
MI,8,2011,19.0666666666666667
MI,8,2012,18.5100000000000000
MI,9,2008,14.0000000000000000
MI,9,2009,14.5777777777777778
MI,9,2010,12.5714285714285714
MI,9,2011,13.5444444444444444
MI,9,2012,12.6888888888888889
MI,10,2008,7.1300000000000000
MI,10,2009,4.8375000000000000
MI,10,2010,8.0333333333333333
MI,10,2011,8.7000000000000000
MI,10,2012,6.6444444444444444
MI,11,2008,0.86000000000000000000
MI,11,2009,3.8000000000000000
MI,11,2010,2.2285714285714286
MI,11,2011,2.7571428571428571
MI,11,2012,0.93333333333333333000
MI,12,2008,-8.3111111111111111
MI,12,2009,-5.9571428571428571
MI,12,2010,-5.4375000000000000
MI,12,2011,-2.6500000000000000
MI,12,2012,-2.7375000000000000
MN,1,2008,-13.1840000000000000
MN,1,2009,-16.4500000000000000
MN,1,2010,-12.6192307692307692
MN,1,2011,-15.2960000000000000
MN,1,2012,-8.4538461538461539
MN,2,2009,-9.7500000000000000
MN,2,2010,-9.8720000000000000
MN,2,2011,-10.4625000000000000
MN,3,2008,-5.0000000000000000
MN,3,2009,-3.8434782608695652
MN,3,2010,2.5120000000000000
MN,3,2011,-4.4916666666666667
MN,3,2012,4.4480000000000000
MN,4,2008,3.4115384615384615
MN,4,2009,4.6166666666666667
MN,4,2010,8.9923076923076923
MN,4,2011,4.6440000000000000
MN,4,2012,6.2884615384615385
MN,5,2008,9.4833333333333333
MN,5,2009,10.5640000000000000
MN,5,2010,13.0269230769230769
MN,5,2011,11.4769230769230769
MN,5,2012,13.5640000000000000
MN,6,2008,16.0884615384615385
MN,6,2009,15.9076923076923077
MN,6,2010,16.5115384615384615
MN,6,2011,16.4769230769230769
MN,6,2012,18.8200000000000000
MN,7,2008,19.0652173913043478
MN,7,2009,16.9230769230769231
MN,7,2010,20.6884615384615385
MN,7,2011,21.6423076923076923
MN,7,2012,22.5115384615384615
MN,8,2008,18.8307692307692308
MN,8,2009,17.1920000000000000
MN,8,2010,20.2600000000000000
MN,8,2011,19.5538461538461539
MN,8,2012,18.7230769230769231
MN,9,2008,13.6038461538461539
MN,9,2009,16.3200000000000000
MN,9,2010,11.1956521739130435
MN,9,2011,13.0846153846153846
MN,9,2012,12.8076923076923077
MN,10,2008,7.2720000000000000
MN,10,2009,3.5307692307692308
MN,10,2010,8.3240000000000000
MN,10,2011,8.9846153846153846
MN,10,2012,5.2038461538461539
MN,11,2008,-1.4115384615384615
MN,11,2009,2.4208333333333333
MN,11,2010,-1.2653846153846154
MN,11,2011,-0.17600000000000000000
MN,11,2012,-1.5208333333333333
MN,12,2008,-14.3423076923076923
MN,12,2009,-11.5769230769230769
MN,12,2010,-11.4520000000000000
MN,12,2011,-5.7000000000000000
MN,12,2012,-9.2600000000000000
MO,1,2008,-0.10909090909090909000
MO,1,2009,-1.4900000000000000
MO,1,2010,-2.5818181818181818
MO,1,2011,-1.7833333333333333
MO,1,2012,3.2300000000000000
MO,2,2009,4.0416666666666667
MO,2,2010,-0.84166666666666667000
MO,2,2011,2.0090909090909091
MO,3,2008,7.0090909090909091
MO,3,2009,9.3166666666666667
MO,3,2010,8.2000000000000000
MO,3,2011,7.8666666666666667
MO,3,2012,15.3363636363636364
MO,4,2008,12.0000000000000000
MO,4,2009,12.8250000000000000
MO,4,2010,16.4583333333333333
MO,4,2011,15.1583333333333333
MO,4,2012,15.5416666666666667
MO,5,2008,17.7250000000000000
MO,5,2009,18.1416666666666667
MO,5,2010,18.8000000000000000
MO,5,2011,17.5916666666666667
MO,5,2012,21.4750000000000000
MO,6,2008,24.9416666666666667
MO,6,2009,24.0500000000000000
MO,6,2010,25.6916666666666667
MO,6,2011,25.0900000000000000
MO,6,2012,24.7090909090909091
MO,7,2008,25.3090909090909091
MO,7,2009,22.8181818181818182
MO,7,2010,26.4181818181818182
MO,7,2011,28.1300000000000000
MO,7,2012,28.8583333333333333
MO,8,2008,23.4545454545454546
MO,8,2009,22.7750000000000000
MO,8,2010,26.7250000000000000
MO,8,2011,25.6100000000000000
MO,8,2012,25.0083333333333333
MO,9,2008,20.6181818181818182
MO,9,2009,19.4272727272727273
MO,9,2010,20.3727272727272727
MO,9,2011,18.2181818181818182
MO,9,2012,19.5750000000000000
MO,10,2008,15.0583333333333333
MO,10,2009,10.9500000000000000
MO,10,2010,15.2181818181818182
MO,10,2011,14.4818181818181818
MO,10,2012,12.6833333333333333
MO,11,2008,6.7500000000000000
MO,11,2009,10.4000000000000000
MO,11,2010,8.4272727272727273
MO,11,2011,9.0000000000000000
MO,11,2012,8.0090909090909091
MO,12,2008,0.42500000000000000000
MO,12,2009,-0.19090909090909091000
MO,12,2010,-0.25000000000000000000
MO,12,2011,3.7900000000000000
MO,12,2012,4.7100000000000000
MS,1,2008,7.5090909090909091
MS,1,2009,8.4250000000000000
MS,1,2010,5.4727272727272727
MS,1,2011,6.4636363636363636
MS,1,2012,11.7200000000000000
MS,2,2009,10.9416666666666667
MS,2,2010,5.3181818181818182
MS,2,2011,10.6090909090909091
MS,3,2008,14.2250000000000000
MS,3,2009,14.8750000000000000
MS,3,2010,11.8000000000000000
MS,3,2011,15.2363636363636364
MS,3,2012,18.8272727272727273
MS,4,2008,17.8090909090909091
MS,4,2009,17.8166666666666667
MS,4,2010,18.8000000000000000
MS,4,2011,20.3272727272727273
MS,4,2012,19.1727272727272727
MS,5,2008,22.6090909090909091
MS,5,2009,22.2363636363636364
MS,5,2010,23.6000000000000000
MS,5,2011,22.0200000000000000
MS,5,2012,23.5181818181818182
MS,6,2008,25.9818181818181818
MS,6,2009,27.0636363636363636
MS,6,2010,27.1909090909090909
MS,6,2011,27.4125000000000000
MS,6,2012,25.9700000000000000
MS,7,2008,27.0083333333333333
MS,7,2009,26.3333333333333333
MS,7,2010,27.5818181818181818
MS,7,2011,27.1900000000000000
MS,7,2012,26.7111111111111111
MS,8,2008,25.4916666666666667
MS,8,2009,25.6750000000000000
MS,8,2010,27.6200000000000000
MS,8,2011,28.0300000000000000
MS,8,2012,25.9444444444444444
MS,9,2008,23.3818181818181818
MS,9,2009,24.0000000000000000
MS,9,2010,25.1800000000000000
MS,9,2011,22.5800000000000000
MS,9,2012,23.5222222222222222
MS,10,2008,17.1166666666666667
MS,10,2009,17.7500000000000000
MS,10,2010,19.1000000000000000
MS,10,2011,16.4800000000000000
MS,10,2012,17.2200000000000000
MS,11,2008,11.8545454545454546
MS,11,2009,12.6500000000000000
MS,11,2010,13.5272727272727273
MS,11,2011,13.6200000000000000
MS,11,2012,11.7100000000000000
MS,12,2008,10.2833333333333333
MS,12,2009,7.6636363636363636
MS,12,2010,6.8454545454545455
MS,12,2011,10.3500000000000000
MS,12,2012,11.4222222222222222
MT,1,2008,-7.2670886075949367
MT,1,2009,-4.9156626506024096
MT,1,2010,-4.3115151515151515
MT,1,2011,-5.6274853801169591
MT,1,2012,-4.1648809523809524
MT,2,2009,-3.4875000000000000
MT,2,2010,-4.2881656804733728
MT,2,2011,-7.6140350877192983
MT,3,2008,-2.4329268292682927
MT,3,2009,-2.8101190476190476
MT,3,2010,0.43076923076923077000
MT,3,2011,-1.6649425287356322
MT,3,2012,1.1431952662721894
MT,4,2008,0.75151515151515152000
MT,4,2009,2.2511904761904762
MT,4,2010,2.3688235294117647
MT,4,2011,0.21942857142857143000
MT,4,2012,4.2626436781609195
MT,5,2008,7.2357575757575758
MT,5,2009,8.1387283236994220
MT,5,2010,4.6217647058823529
MT,5,2011,5.3459770114942529
MT,5,2012,6.7342857142857143
MT,6,2008,11.2682634730538922
MT,6,2009,11.0264367816091954
MT,6,2010,10.5494117647058824
MT,6,2011,9.8573863636363636
MT,6,2012,11.8508571428571429
MT,7,2008,16.7750000000000000
MT,7,2009,15.6903409090909091
MT,7,2010,14.8581005586592179
MT,7,2011,15.7805714285714286
MT,7,2012,17.7914772727272727
MT,8,2008,15.7858757062146893
MT,8,2009,15.0691428571428571
MT,8,2010,14.1477011494252874
MT,8,2011,16.2630681818181818
MT,8,2012,16.5125714285714286
MT,9,2008,9.8448863636363636
MT,9,2009,13.4636363636363636
MT,9,2010,9.9657303370786517
MT,9,2011,12.3657303370786517
MT,9,2012,12.2869318181818182
MT,10,2008,4.7468208092485549
MT,10,2009,0.74795321637426901000
MT,10,2010,6.4000000000000000
MT,10,2011,4.9994117647058824
MT,10,2012,3.2797619047619048
MT,11,2008,1.2094674556213018
MT,11,2009,0.26411764705882353000
MT,11,2010,-3.5052941176470588
MT,11,2011,-2.6452941176470588
MT,11,2012,-0.03154761904761904762
MT,12,2008,-8.7333333333333333
MT,12,2009,-9.6164634146341463
MT,12,2010,-5.6751445086705202
MT,12,2011,-4.4674556213017752
MT,12,2012,-5.1395209580838323
NC,1,2008,5.7724137931034483
NC,1,2009,4.3896551724137931
NC,1,2010,2.1548387096774194
NC,1,2011,2.2969696969696970
NC,1,2012,6.8300000000000000
NC,2,2009,6.0000000000000000
NC,2,2010,2.5281250000000000
NC,2,2011,7.8363636363636364
NC,3,2008,10.7272727272727273
NC,3,2009,9.7687500000000000
NC,3,2010,9.6718750000000000
NC,3,2011,10.3060606060606061
NC,3,2012,14.7812500000000000
NC,4,2008,14.8468750000000000
NC,4,2009,15.1187500000000000
NC,4,2010,16.4687500000000000
NC,4,2011,16.8218750000000000
NC,4,2012,15.5000000000000000
NC,5,2008,18.4937500000000000
NC,5,2009,19.5969696969696970
NC,5,2010,20.7531250000000000
NC,5,2011,19.8031250000000000
NC,5,2012,20.8387096774193548
NC,6,2008,24.4812500000000000
NC,6,2009,23.9312500000000000
NC,6,2010,25.5032258064516129
NC,6,2011,24.4312500000000000
NC,6,2012,22.6766666666666667
NC,7,2008,24.2875000000000000
NC,7,2009,23.3931034482758621
NC,7,2010,26.0689655172413793
NC,7,2011,25.9193548387096774
NC,7,2012,26.3285714285714286
NC,8,2008,23.6903225806451613
NC,8,2009,24.1193548387096774
NC,8,2010,25.5266666666666667
NC,8,2011,24.9586206896551724
NC,8,2012,23.8516129032258065
NC,9,2008,21.1151515151515152
NC,9,2009,20.3218750000000000
NC,9,2010,22.6172413793103448
NC,9,2011,21.1766666666666667
NC,9,2012,20.6533333333333333
NC,10,2008,13.7375000000000000
NC,10,2009,14.8741935483870968
NC,10,2010,15.8500000000000000
NC,10,2011,14.0062500000000000
NC,10,2012,14.7266666666666667
NC,11,2008,8.0741935483870968
NC,11,2009,11.1161290322580645
NC,11,2010,9.8225806451612903
NC,11,2011,10.9354838709677419
NC,11,2012,7.7806451612903226
NC,12,2008,8.1937500000000000
NC,12,2009,4.9500000000000000
NC,12,2010,0.67419354838709677000
NC,12,2011,8.2032258064516129
NC,12,2012,8.4741935483870968
ND,1,2008,-12.2600000000000000
ND,1,2009,-14.8625000000000000
ND,1,2010,-11.9400000000000000
ND,1,2011,-14.3600000000000000
ND,1,2012,-6.6750000000000000
ND,2,2009,-12.0000000000000000
ND,2,2010,-12.2500000000000000
ND,2,2011,-11.9727272727272727
ND,3,2008,-3.0636363636363636
ND,3,2009,-6.3875000000000000
ND,3,2010,-0.17000000000000000000
ND,3,2011,-6.9916666666666667
ND,3,2012,4.4090909090909091
ND,4,2008,4.4272727272727273
ND,4,2009,3.8000000000000000
ND,4,2010,8.0181818181818182
ND,4,2011,3.5083333333333333
ND,4,2012,7.2833333333333333
ND,5,2008,11.1250000000000000
ND,5,2009,10.9818181818181818
ND,5,2010,11.0727272727272727
ND,5,2011,10.6166666666666667
ND,5,2012,12.4833333333333333
ND,6,2008,15.7363636363636364
ND,6,2009,16.0300000000000000
ND,6,2010,17.0200000000000000
ND,6,2011,16.9000000000000000
ND,6,2012,18.3416666666666667
ND,7,2008,20.4000000000000000
ND,7,2009,17.9272727272727273
ND,7,2010,19.9636363636363636
ND,7,2011,21.6166666666666667
ND,7,2012,23.0916666666666667
ND,8,2008,20.0333333333333333
ND,8,2009,17.8727272727272727
ND,8,2010,19.5454545454545455
ND,8,2011,20.2416666666666667
ND,8,2012,19.3666666666666667
ND,9,2008,12.9272727272727273
ND,9,2009,16.6000000000000000
ND,9,2010,12.2083333333333333
ND,9,2011,14.4500000000000000
ND,9,2012,14.2750000000000000
ND,10,2008,6.2363636363636364
ND,10,2009,2.8000000000000000
ND,10,2010,8.0636363636363636
ND,10,2011,8.4666666666666667
ND,10,2012,4.2500000000000000
ND,11,2008,-1.1888888888888889
ND,11,2009,1.6272727272727273
ND,11,2010,-3.3000000000000000
ND,11,2011,-1.3666666666666667
ND,11,2012,-3.0555555555555556
ND,12,2008,-15.2900000000000000
ND,12,2009,-13.3700000000000000
ND,12,2010,-12.2700000000000000
ND,12,2011,-4.5416666666666667
ND,12,2012,-10.3222222222222222
NE,1,2008,-5.2857142857142857
NE,1,2009,-1.8375000000000000
NE,1,2010,-8.3666666666666667
NE,1,2011,-9.4444444444444444
NE,1,2012,-7.9428571428571429
NE,2,2009,0.02500000000000000000
NE,2,2010,-9.1000000000000000
NE,2,2011,-10.1625000000000000
NE,3,2008,2.2500000000000000
NE,3,2009,2.7875000000000000
NE,3,2010,-3.4500000000000000
NE,3,2011,-3.6222222222222222
NE,3,2012,0.21428571428571429000
NE,4,2008,6.7000000000000000
NE,4,2009,6.4375000000000000
NE,4,2010,1.1888888888888889
NE,4,2011,-0.25555555555555556000
NE,4,2012,1.05714285714285714000
NE,5,2008,11.8875000000000000
NE,5,2009,13.8333333333333333
NE,5,2010,4.2666666666666667
NE,5,2011,2.7250000000000000
NE,5,2012,4.6571428571428571
NE,6,2008,17.7857142857142857
NE,6,2009,17.1888888888888889
NE,6,2010,11.6142857142857143
NE,6,2011,9.0875000000000000
NE,6,2012,11.0857142857142857
NE,7,2008,23.3333333333333333
NE,7,2009,20.7625000000000000
NE,7,2010,13.2888888888888889
NE,7,2011,16.3714285714285714
NE,7,2012,15.2250000000000000
NE,8,2008,20.9125000000000000
NE,8,2009,19.9875000000000000
NE,8,2010,13.6000000000000000
NE,8,2011,15.2857142857142857
NE,8,2012,13.6666666666666667
NE,9,2008,15.3000000000000000
NE,9,2009,15.8333333333333333
NE,9,2010,8.6111111111111111
NE,9,2011,9.3857142857142857
NE,9,2012,9.3111111111111111
NE,10,2008,8.7750000000000000
NE,10,2009,3.7555555555555556
NE,10,2010,3.6222222222222222
NE,10,2011,7.1833333333333333
NE,10,2012,0.84444444444444444000
NE,11,2008,3.6000000000000000
NE,11,2009,4.3625000000000000
NE,11,2010,-4.9111111111111111
NE,11,2011,-2.3142857142857143
NE,11,2012,-2.0777777777777778
NE,12,2008,-5.0375000000000000
NE,12,2009,-10.1500000000000000
NE,12,2010,-7.6222222222222222
NE,12,2011,-8.2125000000000000
NE,12,2012,-7.5777777777777778
NH,1,2008,-5.0000000000000000
NH,1,2009,-9.6000000000000000
NH,1,2010,-4.5000000000000000
NH,1,2011,-7.3000000000000000
NH,1,2012,-4.5000000000000000
NH,2,2009,-4.3000000000000000
NH,2,2010,-1.6000000000000000
NH,2,2011,-6.1000000000000000
NH,3,2008,-1.2000000000000000
NH,3,2009,0.20000000000000000000
NH,3,2010,3.9000000000000000
NH,3,2011,-0.40000000000000000000
NH,3,2012,4.1000000000000000
NH,4,2008,6.4000000000000000
NH,4,2009,8.2000000000000000
NH,4,2010,9.3000000000000000
NH,4,2011,6.3000000000000000
NH,4,2012,8.5000000000000000
NH,5,2008,12.2000000000000000
NH,5,2009,12.9000000000000000
NH,5,2010,15.3000000000000000
NH,5,2011,13.8000000000000000
NH,5,2012,14.6000000000000000
NH,6,2008,18.3000000000000000
NH,6,2009,16.7000000000000000
NH,6,2010,18.0000000000000000
NH,6,2011,17.5000000000000000
NH,6,2012,17.5000000000000000
NH,7,2008,21.0000000000000000
NH,7,2009,18.4000000000000000
NH,7,2010,22.4000000000000000
NH,7,2011,21.7000000000000000
NH,7,2012,21.4000000000000000
NH,8,2008,18.4000000000000000
NH,8,2009,20.1000000000000000
NH,8,2010,20.0000000000000000
NH,8,2011,19.5000000000000000
NH,8,2012,20.9000000000000000
NH,9,2008,15.3000000000000000
NH,9,2009,14.0000000000000000
NH,9,2010,16.1000000000000000
NH,9,2011,16.6000000000000000
NH,9,2012,14.4000000000000000
NH,10,2008,7.7000000000000000
NH,10,2009,7.0000000000000000
NH,10,2010,8.3000000000000000
NH,10,2011,9.6000000000000000
NH,10,2012,10.6000000000000000
NH,11,2008,2.4000000000000000
NH,11,2009,4.5000000000000000
NH,11,2010,2.4000000000000000
NH,11,2011,4.5000000000000000
NH,11,2012,1.1000000000000000
NH,12,2008,-3.6000000000000000
NH,12,2009,-4.0000000000000000
NH,12,2010,-3.5000000000000000
NH,12,2011,-1.2000000000000000
NH,12,2012,-1.5000000000000000
NJ,1,2008,2.1000000000000000
NJ,1,2009,-0.80000000000000000000
NJ,1,2010,0.20000000000000000000
NJ,1,2011,-1.1000000000000000
NJ,1,2012,3.8000000000000000
NJ,2,2009,2.7000000000000000
NJ,2,2010,0.40000000000000000000
NJ,2,2011,3.1000000000000000
NJ,3,2008,6.4000000000000000
NJ,3,2009,5.1000000000000000
NJ,3,2010,8.1000000000000000
NJ,3,2011,6.0000000000000000
NJ,3,2012,9.8000000000000000
NJ,4,2008,11.3000000000000000
NJ,4,2009,11.8000000000000000
NJ,4,2010,12.8000000000000000
NJ,4,2011,11.7000000000000000
NJ,4,2012,12.4000000000000000
NJ,5,2008,14.8000000000000000
NJ,5,2009,16.1000000000000000
NJ,5,2010,17.4000000000000000
NJ,5,2011,17.4000000000000000
NJ,5,2012,18.2000000000000000
NJ,6,2008,23.0000000000000000
NJ,6,2009,19.7000000000000000
NJ,6,2010,23.5000000000000000
NJ,6,2011,22.7000000000000000
NJ,6,2012,21.6000000000000000
NJ,7,2008,24.4000000000000000
NJ,7,2009,22.9000000000000000
NJ,7,2010,26.1000000000000000
NJ,7,2011,25.8000000000000000
NJ,7,2012,25.8000000000000000
NJ,8,2008,22.7000000000000000
NJ,8,2009,24.5000000000000000
NJ,8,2010,25.0000000000000000
NJ,8,2011,23.6000000000000000
NJ,8,2012,24.5000000000000000
NJ,9,2008,20.5000000000000000
NJ,9,2009,19.1000000000000000
NJ,9,2010,22.1000000000000000
NJ,9,2011,20.9000000000000000
NJ,9,2012,20.3000000000000000
NJ,10,2008,13.1000000000000000
NJ,10,2009,13.7000000000000000
NJ,10,2011,14.0000000000000000
NJ,10,2012,15.1000000000000000
NJ,11,2008,7.5000000000000000
NJ,11,2009,10.4000000000000000
NJ,11,2010,8.2000000000000000
NJ,11,2011,10.6000000000000000
NJ,11,2012,6.2000000000000000
NJ,12,2008,4.1000000000000000
NJ,12,2009,2.9000000000000000
NJ,12,2010,-0.10000000000000000000
NJ,12,2011,6.3000000000000000
NJ,12,2012,6.3000000000000000
NM,1,2008,-5.2285714285714286
NM,1,2009,-1.4238095238095238
NM,1,2010,-2.7750000000000000
NM,1,2011,-3.3400000000000000
NM,1,2012,-1.2720000000000000
NM,2,2009,-0.55789473684210526000
NM,2,2010,-3.5666666666666667
NM,2,2011,-3.6208333333333333
NM,3,2008,0.60952380952380952000
NM,3,2009,1.1850000000000000
NM,3,2010,-0.34545454545454545000
NM,3,2011,2.8840000000000000
NM,3,2012,2.1500000000000000
NM,4,2008,4.0333333333333333
NM,4,2009,3.4809523809523810
NM,4,2010,3.6285714285714286
NM,4,2011,4.8772727272727273
NM,4,2012,6.1230769230769231
NM,5,2008,7.2095238095238095
NM,5,2009,9.8238095238095238
NM,5,2010,8.2842105263157895
NM,5,2011,18.8565217391304348
NM,5,2012,10.4333333333333333
NM,6,2008,13.6294117647058824
NM,6,2009,11.6000000000000000
NM,6,2010,14.4500000000000000
NM,6,2011,19.2227272727272727
NM,6,2012,16.3869565217391304
NM,7,2008,13.4500000000000000
NM,7,2009,15.2095238095238095
NM,7,2010,14.4809523809523810
NM,7,2011,39.2500000000000000
NM,7,2012,14.9318181818181818
NM,8,2008,12.9529411764705882
NM,8,2009,14.0050000000000000
NM,8,2010,13.8000000000000000
NM,8,2011,19.0545454545454546
NM,8,2012,14.3961538461538462
NM,9,2008,9.9157894736842105
NM,9,2009,9.7450000000000000
NM,9,2010,12.6600000000000000
NM,9,2011,10.5920000000000000
NM,9,2012,11.3076923076923077
NM,10,2008,6.2277777777777778
NM,10,2009,4.5388888888888889
NM,10,2010,6.4640000000000000
NM,10,2011,5.9720000000000000
NM,10,2012,7.4730769230769231
NM,11,2008,1.3000000000000000
NM,11,2009,2.2000000000000000
NM,11,2010,-0.26800000000000000000
NM,11,2011,0.39600000000000000000
NM,11,2012,3.1000000000000000
NM,12,2008,-2.5750000000000000
NM,12,2009,-4.9272727272727273
NM,12,2010,-0.20800000000000000000
NM,12,2011,-3.8720000000000000
NM,12,2012,-2.7807692307692308
NV,1,2008,-3.3054794520547945
NV,1,2009,0.07105263157894736842
NV,1,2010,-0.70000000000000000000
NV,1,2011,-0.89200000000000000000
NV,1,2012,0.47976190476190476000
NV,2,2009,-0.15333333333333333000
NV,2,2010,-0.34078947368421053000
NV,2,2011,-1.7226666666666667
NV,3,2008,1.5986666666666667
NV,3,2009,1.8289473684210526
NV,3,2010,1.7297297297297297
NV,3,2011,1.9947368421052632
NV,3,2012,2.7967032967032967
NV,4,2008,4.5328767123287671
NV,4,2009,5.2092105263157895
NV,4,2010,4.0960526315789474
NV,4,2011,3.6116883116883117
NV,4,2012,6.8619565217391304
NV,5,2008,9.7689189189189189
NV,5,2009,13.0486486486486487
NV,5,2010,6.6236842105263158
NV,5,2011,7.2480519480519481
NV,5,2012,11.3681318681318681
NV,6,2008,16.2405405405405405
NV,6,2009,13.7763157894736842
NV,6,2010,15.4000000000000000
NV,6,2011,13.8467532467532468
NV,6,2012,16.0861702127659575
NV,7,2008,21.3486111111111111
NV,7,2009,20.7400000000000000
NV,7,2010,20.7426666666666667
NV,7,2011,19.7000000000000000
NV,7,2012,20.5107526881720430
NV,8,2008,20.5280000000000000
NV,8,2009,18.9040000000000000
NV,8,2010,18.6935064935064935
NV,8,2011,20.3958904109589041
NV,8,2012,20.3797872340425532
NV,9,2008,15.5786666666666667
NV,9,2009,17.0189189189189189
NV,9,2010,15.8636363636363636
NV,9,2011,16.5082191780821918
NV,9,2012,16.2438202247191011
NV,10,2008,8.8179487179487180
NV,10,2009,6.1554054054054054
NV,10,2010,8.8236842105263158
NV,10,2011,8.6256097560975610
NV,10,2012,9.0758241758241758
NV,11,2008,4.7532467532467533
NV,11,2009,3.0800000000000000
NV,11,2010,0.94133333333333333000
NV,11,2011,1.1452380952380952
NV,11,2012,4.2023809523809524
NV,12,2008,-2.1881578947368421
NV,12,2009,-4.1786666666666667
NV,12,2010,0.30921052631578947000
NV,12,2011,-1.6602409638554217
NV,12,2012,-2.5861702127659575
NY,1,2008,-2.9000000000000000
NY,1,2009,-7.8750000000000000
NY,1,2010,-4.5600000000000000
NY,1,2011,-6.2000000000000000
NY,1,2012,-2.0750000000000000
NY,2,2009,-2.9400000000000000
NY,2,2010,-2.5400000000000000
NY,2,2011,-4.0800000000000000
NY,3,2008,0.60000000000000000000
NY,3,2009,1.7400000000000000
NY,3,2010,4.5800000000000000
NY,3,2011,0.86000000000000000000
NY,3,2012,7.3000000000000000
NY,4,2008,10.0200000000000000
NY,4,2009,9.0400000000000000
NY,4,2010,10.4800000000000000
NY,4,2011,8.3800000000000000
NY,4,2012,8.1200000000000000
NY,5,2008,12.4000000000000000
NY,5,2009,13.8800000000000000
NY,5,2010,16.0000000000000000
NY,5,2011,15.8600000000000000
NY,5,2012,16.8400000000000000
NY,6,2008,20.0200000000000000
NY,6,2009,17.7800000000000000
NY,6,2010,19.4600000000000000
NY,6,2011,19.1800000000000000
NY,6,2012,19.1600000000000000
NY,7,2008,21.4400000000000000
NY,7,2009,18.8500000000000000
NY,7,2010,22.8600000000000000
NY,7,2011,22.9200000000000000
NY,7,2012,22.7800000000000000
NY,8,2008,22.8600000000000000
NY,8,2009,20.5000000000000000
NY,8,2010,20.5500000000000000
NY,8,2011,20.4200000000000000
NY,8,2012,21.0600000000000000
NY,9,2008,21.0200000000000000
NY,9,2009,15.0000000000000000
NY,9,2010,16.7600000000000000
NY,9,2011,17.8400000000000000
NY,9,2012,15.8800000000000000
NY,10,2008,8.0200000000000000
NY,10,2009,8.4800000000000000
NY,10,2010,9.4600000000000000
NY,10,2011,10.2400000000000000
NY,10,2012,11.2200000000000000
NY,11,2008,3.1600000000000000
NY,11,2009,5.7200000000000000
NY,11,2010,3.6600000000000000
NY,11,2011,6.4400000000000000
NY,11,2012,2.1000000000000000
NY,12,2008,-2.0000000000000000
NY,12,2009,-2.8600000000000000
NY,12,2010,-3.7600000000000000
NY,12,2011,0.90000000000000000000
NY,12,2012,0.55000000000000000000
OH,1,2008,-0.05000000000000000000
OH,1,2009,-3.4500000000000000
OH,1,2010,-2.0500000000000000
OH,1,2011,-2.6000000000000000
OH,1,2012,2.0500000000000000
OH,2,2009,2.1500000000000000
OH,2,2010,-1.6000000000000000
OH,2,2011,2.2000000000000000
OH,3,2008,5.2000000000000000
OH,3,2009,8.1000000000000000
OH,3,2010,7.4000000000000000
OH,3,2011,6.3000000000000000
OH,3,2012,12.4500000000000000
OH,4,2008,13.4000000000000000
OH,4,2009,12.5500000000000000
OH,4,2010,14.6500000000000000
OH,4,2011,13.7000000000000000
OH,4,2012,12.0000000000000000
OH,5,2008,15.7000000000000000
OH,5,2009,17.6500000000000000
OH,5,2010,19.1500000000000000
OH,5,2011,17.7500000000000000
OH,5,2012,20.2500000000000000
OH,6,2008,22.3000000000000000
OH,6,2009,21.8500000000000000
OH,6,2010,23.6000000000000000
OH,6,2011,22.0500000000000000
OH,6,2012,22.0000000000000000
OH,7,2008,23.3000000000000000
OH,7,2009,21.1500000000000000
OH,7,2010,24.8000000000000000
OH,7,2011,25.6000000000000000
OH,7,2012,25.9000000000000000
OH,8,2008,21.9000000000000000
OH,8,2009,22.2000000000000000
OH,8,2010,24.0000000000000000
OH,8,2011,22.8500000000000000
OH,8,2012,22.7500000000000000
OH,9,2008,20.1000000000000000
OH,9,2009,18.9000000000000000
OH,9,2010,19.6000000000000000
OH,9,2011,18.4500000000000000
OH,9,2012,18.2000000000000000
OH,10,2008,11.6000000000000000
OH,10,2009,10.9500000000000000
OH,10,2010,13.0000000000000000
OH,10,2011,11.7500000000000000
OH,10,2012,12.0000000000000000
OH,11,2008,4.9000000000000000
OH,11,2009,8.3500000000000000
OH,11,2010,6.3500000000000000
OH,11,2011,9.3000000000000000
OH,11,2012,5.0000000000000000
OH,12,2008,1.3500000000000000
OH,12,2009,1.00000000000000000000
OH,12,2010,-2.1000000000000000
OH,12,2011,4.2500000000000000
OK,1,2008,4.4000000000000000
OK,1,2009,4.5000000000000000
OK,1,2010,3.0666666666666667
OK,1,2011,3.3000000000000000
OK,1,2012,7.4333333333333333
OK,2,2009,9.5333333333333333
OK,2,2010,3.0000000000000000
OK,2,2011,6.4333333333333333
OK,3,2008,12.0000000000000000
OK,3,2009,12.2666666666666667
OK,3,2010,10.1666666666666667
OK,3,2011,12.7666666666666667
OK,3,2012,16.2333333333333333
OK,4,2008,15.5666666666666667
OK,4,2009,15.9333333333333333
OK,4,2010,16.9000000000000000
OK,4,2011,18.3666666666666667
OK,4,2012,18.6000000000000000
OK,5,2008,20.9666666666666667
OK,5,2009,19.4333333333333333
OK,5,2010,21.5666666666666667
OK,5,2011,20.6666666666666667
OK,5,2012,23.1666666666666667
OK,6,2008,25.8000000000000000
OK,6,2009,26.3333333333333333
OK,6,2010,27.4333333333333333
OK,6,2011,29.0333333333333333
OK,6,2012,26.7666666666666667
OK,7,2008,27.5000000000000000
OK,7,2009,27.1000000000000000
OK,7,2010,27.1500000000000000
OK,7,2011,31.5666666666666667
OK,7,2012,29.4333333333333333
OK,8,2008,25.9000000000000000
OK,8,2009,26.0333333333333333
OK,8,2010,29.7666666666666667
OK,8,2011,31.4333333333333333
OK,8,2012,27.6333333333333333
OK,9,2008,21.7500000000000000
OK,9,2009,21.4333333333333333
OK,9,2010,23.9666666666666667
OK,9,2011,23.0333333333333333
OK,9,2012,24.1333333333333333
OK,10,2008,16.2000000000000000
OK,10,2009,13.8333333333333333
OK,10,2010,17.2000000000000000
OK,10,2011,17.4666666666666667
OK,10,2012,16.2000000000000000
OK,11,2008,10.5000000000000000
OK,11,2009,12.4000000000000000
OK,11,2010,10.9000000000000000
OK,11,2011,11.6333333333333333
OK,11,2012,12.2000000000000000
OK,12,2008,5.4000000000000000
OK,12,2009,2.7666666666666667
OK,12,2010,5.4666666666666667
OK,12,2011,6.0333333333333333
OK,12,2012,7.4000000000000000
OR,1,2008,-2.4931034482758621
OR,1,2009,1.1140449438202247
OR,1,2010,1.9123655913978495
OR,1,2011,0.75781250000000000000
OR,1,2012,0.78131313131313131000
OR,2,2009,0.81010638297872340000
OR,2,2010,1.8418848167539267
OR,2,2011,-0.67277486910994764000
OR,3,2008,0.69729729729729730000
OR,3,2009,0.91884816753926702000
OR,3,2010,2.5116751269035533
OR,3,2011,1.5593750000000000
OR,3,2012,1.8081632653061225
OR,4,2008,3.0320441988950276
OR,4,2009,4.8097435897435897
OR,4,2010,3.6210526315789474
OR,4,2011,2.3112244897959184
OR,4,2012,5.7928934010152284
OR,5,2008,8.9359116022099448
OR,5,2009,10.4098958333333333
OR,5,2010,6.1104477611940299
OR,5,2011,5.9984693877551020
OR,5,2012,8.7246231155778895
OR,6,2008,11.7760638297872340
OR,6,2009,12.7938144329896907
OR,6,2010,11.3324873096446701
OR,6,2011,10.9851282051282051
OR,6,2012,10.9563451776649746
OR,7,2008,17.4322751322751323
OR,7,2009,19.0157894736842105
OR,7,2010,17.2622448979591837
OR,7,2011,15.5082901554404145
OR,7,2012,17.2170854271356784
OR,8,2008,16.8671794871794872
OR,8,2009,16.9777202072538860
OR,8,2010,16.1070000000000000
OR,8,2011,17.4067357512953368
OR,8,2012,18.4760204081632653
OR,9,2008,14.2895833333333333
OR,9,2009,15.0217616580310881
OR,9,2010,13.1131979695431472
OR,9,2011,16.1398989898989899
OR,9,2012,15.5671717171717172
OR,10,2008,8.1515000000000000
OR,10,2009,6.0691891891891892
OR,10,2010,8.4378787878787879
OR,10,2011,7.7934673366834171
OR,10,2012,8.0282828282828283
OR,11,2008,4.9536082474226804
OR,11,2009,2.2934343434343434
OR,11,2010,1.4948186528497409
OR,11,2011,1.4530000000000000
OR,11,2012,3.6879396984924623
OR,12,2008,-1.6086206896551724
OR,12,2009,-2.3347150259067358
OR,12,2010,0.04787234042553191489
OR,12,2011,0.38944723618090452000
OR,12,2012,-0.94747474747474747000
PA,1,2008,-2.5500000000000000
PA,1,2009,-7.9000000000000000
PA,1,2010,-5.0000000000000000
PA,1,2011,-6.4000000000000000
PA,1,2012,-2.6000000000000000
PA,2,2009,-2.5000000000000000
PA,2,2010,-4.6500000000000000
PA,2,2011,-2.5500000000000000
PA,3,2008,0.05000000000000000000
PA,3,2009,2.5000000000000000
PA,3,2010,4.2500000000000000
PA,3,2011,0.40000000000000000000
PA,3,2012,8.2500000000000000
PA,4,2008,10.1000000000000000
PA,4,2009,8.7500000000000000
PA,4,2010,10.9500000000000000
PA,4,2011,8.1000000000000000
PA,4,2012,7.0000000000000000
PA,5,2008,11.2500000000000000
PA,5,2009,13.8000000000000000
PA,5,2010,14.9500000000000000
PA,5,2011,15.2000000000000000
PA,5,2012,16.9500000000000000
PA,6,2008,18.8000000000000000
PA,6,2009,17.2500000000000000
PA,6,2010,19.1000000000000000
PA,6,2011,18.6000000000000000
PA,6,2012,18.4000000000000000
PA,7,2008,20.2500000000000000
PA,7,2009,18.1000000000000000
PA,7,2010,21.6000000000000000
PA,7,2011,22.2500000000000000
PA,7,2012,21.5000000000000000
PA,8,2008,17.8000000000000000
PA,8,2009,19.3500000000000000
PA,8,2010,20.4500000000000000
PA,8,2011,19.3500000000000000
PA,8,2012,18.8000000000000000
PA,9,2008,16.1000000000000000
PA,9,2009,15.3500000000000000
PA,9,2010,15.3500000000000000
PA,9,2011,16.6000000000000000
PA,9,2012,14.9500000000000000
PA,10,2008,8.5000000000000000
PA,10,2009,8.1500000000000000
PA,10,2010,9.1000000000000000
PA,10,2011,8.9500000000000000
PA,10,2012,9.9000000000000000
PA,11,2008,2.7500000000000000
PA,11,2009,6.1500000000000000
PA,11,2010,3.8500000000000000
PA,11,2011,6.3000000000000000
PA,11,2012,2.4500000000000000
PA,12,2008,-2.0000000000000000
PA,12,2009,-2.8000000000000000
PA,12,2010,-5.2000000000000000
PA,12,2011,0.20000000000000000000
PA,12,2012,1.4500000000000000
RI,1,2008,0.00000000000000000000
RI,1,2009,-3.5000000000000000
RI,1,2010,-1.5000000000000000
RI,1,2011,-2.6000000000000000
RI,1,2012,2.1000000000000000
RI,2,2009,0.50000000000000000000
RI,2,2010,0.10000000000000000000
RI,2,2011,-0.30000000000000000000
RI,3,2008,3.4000000000000000
RI,3,2009,2.7000000000000000
RI,3,2010,6.1000000000000000
RI,3,2011,3.5000000000000000
RI,3,2012,6.9000000000000000
RI,4,2008,8.9000000000000000
RI,4,2009,9.0000000000000000
RI,4,2010,10.2000000000000000
RI,4,2011,8.4000000000000000
RI,4,2012,10.0000000000000000
RI,5,2008,12.6000000000000000
RI,5,2009,13.3000000000000000
RI,5,2010,15.1000000000000000
RI,5,2011,13.9000000000000000
RI,5,2012,14.7000000000000000
RI,6,2008,19.7000000000000000
RI,6,2009,16.9000000000000000
RI,6,2010,19.8000000000000000
RI,6,2011,18.2000000000000000
RI,6,2012,18.4000000000000000
RI,7,2008,22.7000000000000000
RI,7,2009,20.4000000000000000
RI,7,2010,23.5000000000000000
RI,7,2011,22.5000000000000000
RI,7,2012,22.3000000000000000
RI,8,2008,20.3000000000000000
RI,8,2009,22.2000000000000000
RI,8,2010,21.8000000000000000
RI,8,2011,21.7000000000000000
RI,8,2012,22.1000000000000000
RI,9,2008,18.0000000000000000
RI,9,2009,16.9000000000000000
RI,9,2010,19.0000000000000000
RI,9,2011,19.0000000000000000
RI,9,2012,17.9000000000000000
RI,10,2008,10.8000000000000000
RI,10,2009,10.9000000000000000
RI,10,2010,12.0000000000000000
RI,10,2011,13.1000000000000000
RI,10,2012,13.5000000000000000
RI,11,2008,5.7000000000000000
RI,11,2009,9.1000000000000000
RI,11,2010,6.8000000000000000
RI,11,2011,9.4000000000000000
RI,11,2012,5.3000000000000000
RI,12,2008,2.2000000000000000
RI,12,2009,0.70000000000000000000
RI,12,2010,-0.40000000000000000000
RI,12,2011,4.9000000000000000
RI,12,2012,4.1000000000000000
SC,1,2008,7.0250000000000000
SC,1,2009,6.7571428571428571
SC,1,2010,4.9666666666666667
SC,1,2011,4.7714285714285714
SC,1,2012,9.8600000000000000
SC,2,2009,8.4428571428571429
SC,2,2010,5.1000000000000000
SC,2,2011,9.9333333333333333
SC,3,2008,12.9428571428571429
SC,3,2009,12.4428571428571429
SC,3,2010,11.4428571428571429
SC,3,2011,12.9285714285714286
SC,3,2012,17.3666666666666667
SC,4,2008,16.7714285714285714
SC,4,2009,16.9142857142857143
SC,4,2010,18.3571428571428571
SC,4,2011,18.9714285714285714
SC,4,2012,18.1285714285714286
SC,5,2008,21.6857142857142857
SC,5,2009,21.5666666666666667
SC,5,2010,22.5000000000000000
SC,5,2011,22.1833333333333333
SC,5,2012,22.4000000000000000
SC,6,2008,26.6857142857142857
SC,6,2009,25.8142857142857143
SC,6,2010,26.8166666666666667
SC,6,2011,26.7142857142857143
SC,6,2012,23.8428571428571429
SC,7,2008,26.2000000000000000
SC,7,2009,25.4000000000000000
SC,7,2010,27.2571428571428571
SC,7,2011,27.4166666666666667
SC,7,2012,27.1714285714285714
SC,8,2008,25.5142857142857143
SC,8,2009,25.6166666666666667
SC,8,2010,26.8285714285714286
SC,8,2011,27.0142857142857143
SC,8,2012,24.8285714285714286
SC,9,2008,22.6857142857142857
SC,9,2009,22.7000000000000000
SC,9,2010,24.3428571428571429
SC,9,2011,23.1166666666666667
SC,9,2012,22.5000000000000000
SC,10,2008,15.7285714285714286
SC,10,2009,17.2166666666666667
SC,10,2010,17.6142857142857143
SC,10,2011,16.2750000000000000
SC,10,2012,17.1714285714285714
SC,11,2008,10.4000000000000000
SC,11,2009,12.6714285714285714
SC,11,2010,12.2000000000000000
SC,11,2011,14.1500000000000000
SC,11,2012,10.4142857142857143
SC,12,2008,11.0166666666666667
SC,12,2009,7.1857142857142857
SC,12,2010,3.5142857142857143
SC,12,2011,11.2250000000000000
SC,12,2012,10.9000000000000000
SD,1,2008,-5.4615384615384615
SD,1,2009,-3.9153846153846154
SD,1,2010,-4.2615384615384615
SD,1,2011,-5.9769230769230769
SD,1,2012,-2.0153846153846154
SD,2,2009,-2.1083333333333333
SD,2,2010,-5.8416666666666667
SD,2,2011,-6.0307692307692308
SD,3,2008,0.36923076923076923000
SD,3,2009,0.72307692307692308000
SD,3,2010,3.0083333333333333
SD,3,2011,0.02307692307692307692
SD,3,2012,8.4153846153846154
SD,4,2008,5.9692307692307692
SD,4,2009,4.6692307692307692
SD,4,2010,6.7307692307692308
SD,4,2011,4.6692307692307692
SD,4,2012,8.9538461538461539
SD,5,2008,7.5923076923076923
SD,5,2009,12.0833333333333333
SD,5,2010,9.7846153846153846
SD,5,2011,9.1538461538461539
SD,5,2012,12.7615384615384615
SD,6,2008,15.5769230769230769
SD,6,2009,15.0833333333333333
SD,6,2010,16.6461538461538462
SD,6,2011,16.6615384615384615
SD,6,2012,20.1769230769230769
SD,7,2008,21.3846153846153846
SD,7,2009,18.8384615384615385
SD,7,2010,20.5307692307692308
SD,7,2011,22.5307692307692308
SD,7,2012,24.3000000000000000
SD,8,2008,20.3615384615384615
SD,8,2009,18.6384615384615385
SD,8,2010,21.4000000000000000
SD,8,2011,20.8923076923076923
SD,8,2012,21.1923076923076923
SD,9,2008,14.0461538461538462
SD,9,2009,15.9692307692307692
SD,9,2010,15.0538461538461539
SD,9,2011,15.1692307692307692
SD,9,2012,16.9307692307692308
SD,10,2008,7.6230769230769231
SD,10,2009,2.5769230769230769
SD,10,2010,10.4916666666666667
SD,10,2011,9.2153846153846154
SD,10,2012,6.5583333333333333
SD,11,2008,2.3230769230769231
SD,11,2009,4.4538461538461539
SD,11,2010,-0.00833333333333333333
SD,11,2011,1.3846153846153846
SD,11,2012,3.0000000000000000
SD,12,2008,-7.0153846153846154
SD,12,2009,-8.3300000000000000
SD,12,2010,-3.9846153846153846
SD,12,2011,-2.1692307692307692
SD,12,2012,-3.3230769230769231
TN,1,2008,2.0933333333333333
TN,1,2009,1.6625000000000000
TN,1,2010,0.21428571428571429000
TN,1,2011,0.89333333333333333000
TN,1,2012,5.7250000000000000
TN,2,2009,5.2941176470588235
TN,2,2010,0.62352941176470588000
TN,2,2011,6.1200000000000000
TN,3,2008,8.9437500000000000
TN,3,2009,10.2500000000000000
TN,3,2010,8.3000000000000000
TN,3,2011,9.8937500000000000
TN,3,2012,15.4133333333333333
TN,4,2008,14.0666666666666667
TN,4,2009,14.1000000000000000
TN,4,2010,16.7444444444444444
TN,4,2011,16.4250000000000000
TN,4,2012,15.6812500000000000
TN,5,2008,18.1157894736842105
TN,5,2009,18.3888888888888889
TN,5,2010,20.2937500000000000
TN,5,2011,18.5687500000000000
TN,5,2012,20.7937500000000000
TN,6,2008,23.3388888888888889
TN,6,2009,23.3411764705882353
TN,6,2010,24.7647058823529412
TN,6,2011,23.7176470588235294
TN,6,2012,23.1687500000000000
TN,7,2008,23.7842105263157895
TN,7,2009,22.5937500000000000
TN,7,2010,25.9857142857142857
TN,7,2011,25.6647058823529412
TN,7,2012,25.5733333333333333
TN,8,2008,23.3666666666666667
TN,8,2009,23.0875000000000000
TN,8,2010,25.4187500000000000
TN,8,2011,24.8529411764705882
TN,8,2012,23.0533333333333333
TN,9,2008,21.0157894736842105
TN,9,2009,20.2470588235294118
TN,9,2010,21.7750000000000000
TN,9,2011,19.0875000000000000
TN,9,2012,19.6600000000000000
TN,10,2008,13.8705882352941177
TN,10,2009,13.2555555555555556
TN,10,2010,14.9687500000000000
TN,10,2011,13.3125000000000000
TN,10,2012,13.1066666666666667
TN,11,2008,7.0764705882352941
TN,11,2009,10.1166666666666667
TN,11,2010,9.6200000000000000
TN,11,2011,10.2600000000000000
TN,11,2012,7.7625000000000000
TN,12,2008,4.9631578947368421
TN,12,2009,3.2176470588235294
TN,12,2010,-0.14000000000000000000
TN,12,2011,6.2200000000000000
TN,12,2012,7.0866666666666667
TX,1,2008,8.9431372549019608
TX,1,2009,10.0560000000000000
TX,1,2010,7.6294117647058824
TX,1,2011,8.1588235294117647
TX,1,2012,11.7764705882352941
TX,2,2009,14.0641509433962264
TX,2,2010,7.2673076923076923
TX,2,2011,10.4339622641509434
TX,3,2008,15.6981132075471698
TX,3,2009,15.5830188679245283
TX,3,2010,13.4980392156862745
TX,3,2011,17.2207547169811321
TX,3,2012,18.4480000000000000
TX,4,2008,19.3500000000000000
TX,4,2009,19.1038461538461539
TX,4,2010,19.2169811320754717
TX,4,2011,22.3326923076923077
TX,4,2012,21.5679245283018868
TX,5,2008,23.8156862745098039
TX,5,2009,23.3750000000000000
TX,5,2010,24.2962264150943396
TX,5,2011,23.7078431372549020
TX,5,2012,24.4490566037735849
TX,6,2008,27.8673076923076923
TX,6,2009,27.7019230769230769
TX,6,2010,27.9698113207547170
TX,6,2011,29.3185185185185185
TX,6,2012,27.7666666666666667
TX,7,2008,27.6730769230769231
TX,7,2009,28.8226415094339623
TX,7,2010,27.5058823529411765
TX,7,2011,30.1333333333333333
TX,7,2012,28.1075471698113208
TX,8,2008,26.8365384615384615
TX,8,2009,28.2462962962962963
TX,8,2010,29.3207547169811321
TX,8,2011,31.1685185185185185
TX,8,2012,28.4773584905660377
TX,9,2008,23.1416666666666667
TX,9,2009,23.6941176470588235
TX,9,2010,25.4156862745098039
TX,9,2011,25.9296296296296296
TX,9,2012,25.0388888888888889
TX,10,2008,18.9000000000000000
TX,10,2009,18.7653846153846154
TX,10,2010,20.1452830188679245
TX,10,2011,20.0384615384615385
TX,10,2012,19.5944444444444444
TX,11,2008,14.3812500000000000
TX,11,2009,14.6200000000000000
TX,11,2010,14.6509433962264151
TX,11,2011,15.1584905660377359
TX,11,2012,15.4301886792452830
TX,12,2008,10.3877551020408163
TX,12,2009,7.3117647058823529
TX,12,2010,10.8037735849056604
TX,12,2011,9.5647058823529412
TX,12,2012,12.2566037735849057
UT,1,2008,-6.6186567164179105
UT,1,2009,-2.5713178294573643
UT,1,2010,-3.2985714285714286
UT,1,2011,-4.4527027027027027
UT,1,2012,-2.4261437908496732
UT,2,2009,-2.4611940298507463
UT,2,2010,-3.6241134751773050
UT,2,2011,-4.7136690647482014
UT,3,2008,-1.1864661654135338
UT,3,2009,0.04222222222222222222
UT,3,2010,-0.33475177304964539000
UT,3,2011,0.17567567567567568000
UT,3,2012,2.1500000000000000
UT,4,2008,2.0382352941176471
UT,4,2009,3.1822222222222222
UT,4,2010,2.8422535211267606
UT,4,2011,1.6472972972972973
UT,4,2012,5.2130718954248366
UT,5,2008,6.9325925925925926
UT,5,2009,10.0548872180451128
UT,5,2010,5.5669014084507042
UT,5,2011,5.5506666666666667
UT,5,2012,9.7894039735099338
UT,6,2008,13.6585185185185185
UT,6,2009,11.7335820895522388
UT,6,2010,13.8042553191489362
UT,6,2011,12.5860000000000000
UT,6,2012,15.8136986301369863
UT,7,2008,18.3194029850746269
UT,7,2009,17.8470149253731343
UT,7,2010,17.7340425531914894
UT,7,2011,16.7586666666666667
UT,7,2012,17.3006711409395973
UT,8,2008,17.0786764705882353
UT,8,2009,16.1051094890510949
UT,8,2010,15.8453237410071942
UT,8,2011,17.4213333333333333
UT,8,2012,17.3736842105263158
UT,9,2008,11.9970370370370370
UT,9,2009,13.2963235294117647
UT,9,2010,13.5711267605633803
UT,9,2011,12.4874172185430464
UT,9,2012,12.8509803921568628
UT,10,2008,6.5117647058823529
UT,10,2009,3.5204225352112676
UT,10,2010,6.4136054421768708
UT,10,2011,5.8986666666666667
UT,10,2012,6.3237804878048781
UT,11,2008,2.0407407407407407
UT,11,2009,1.2401408450704225
UT,11,2010,-1.6926666666666667
UT,11,2011,-0.91503267973856209000
UT,11,2012,2.0271084337349398
UT,12,2008,-4.5470588235294118
UT,12,2009,-6.8198581560283688
UT,12,2010,-2.0027210884353742
UT,12,2011,-4.6631578947368421
UT,12,2012,-4.5787878787878788
VA,1,2008,2.7000000000000000
VA,1,2009,0.78750000000000000000
VA,1,2010,0.45000000000000000000
VA,1,2011,0.42500000000000000000
VA,1,2012,4.7625000000000000
VA,2,2009,4.1250000000000000
VA,2,2010,0.52500000000000000000
VA,2,2011,5.4375000000000000
VA,3,2008,8.8750000000000000
VA,3,2009,7.5375000000000000
VA,3,2010,8.6250000000000000
VA,3,2011,7.7750000000000000
VA,3,2012,12.9142857142857143
VA,4,2008,13.3250000000000000
VA,4,2009,13.4250000000000000
VA,4,2010,15.2125000000000000
VA,4,2011,15.0625000000000000
VA,4,2012,13.3875000000000000
VA,5,2008,16.7875000000000000
VA,5,2009,18.0875000000000000
VA,5,2010,18.9714285714285714
VA,5,2011,18.4750000000000000
VA,5,2012,19.5625000000000000
VA,6,2008,23.2750000000000000
VA,6,2009,22.0625000000000000
VA,6,2010,24.4625000000000000
VA,6,2011,23.0750000000000000
VA,6,2012,21.6125000000000000
VA,7,2008,23.4250000000000000
VA,7,2009,22.3250000000000000
VA,7,2010,25.3625000000000000
VA,7,2011,25.3750000000000000
VA,7,2012,25.6125000000000000
VA,8,2008,22.4125000000000000
VA,8,2009,23.7750000000000000
VA,8,2010,24.2250000000000000
VA,8,2011,23.9375000000000000
VA,8,2012,23.3625000000000000
VA,9,2008,20.3000000000000000
VA,9,2009,19.2375000000000000
VA,9,2010,21.3500000000000000
VA,9,2011,20.2625000000000000
VA,9,2012,19.3571428571428571
VA,10,2008,12.9250000000000000
VA,10,2009,13.8000000000000000
VA,10,2010,14.8250000000000000
VA,10,2011,13.6500000000000000
VA,10,2012,13.9000000000000000
VA,11,2008,7.7875000000000000
VA,11,2009,10.2750000000000000
VA,11,2010,8.5750000000000000
VA,11,2011,10.2125000000000000
VA,11,2012,6.3250000000000000
VA,12,2008,5.3750000000000000
VA,12,2009,3.4285714285714286
VA,12,2010,-0.80000000000000000000
VA,12,2011,6.7375000000000000
VA,12,2012,6.5750000000000000
VT,1,2008,-5.2750000000000000
VT,1,2009,-11.0250000000000000
VT,1,2010,-6.3000000000000000
VT,1,2011,-8.3600000000000000
VT,1,2012,-5.0200000000000000
VT,2,2009,-5.2800000000000000
VT,2,2010,-4.1000000000000000
VT,2,2011,-6.3000000000000000
VT,3,2008,-2.6000000000000000
VT,3,2009,-0.36000000000000000000
VT,3,2010,2.6600000000000000
VT,3,2011,-1.4750000000000000
VT,3,2012,3.9500000000000000
VT,4,2008,7.5000000000000000
VT,4,2009,7.2600000000000000
VT,4,2010,8.6000000000000000
VT,4,2011,6.1800000000000000
VT,4,2012,6.8400000000000000
VT,5,2008,11.2400000000000000
VT,5,2009,12.3200000000000000
VT,5,2010,14.5000000000000000
VT,5,2011,14.4000000000000000
VT,5,2012,15.0500000000000000
VT,6,2008,18.0800000000000000
VT,6,2009,16.3200000000000000
VT,6,2010,17.2400000000000000
VT,6,2011,17.0600000000000000
VT,6,2012,17.5800000000000000
VT,7,2008,19.9000000000000000
VT,7,2009,17.8800000000000000
VT,7,2010,21.4800000000000000
VT,7,2011,20.8800000000000000
VT,7,2012,20.4000000000000000
VT,8,2008,17.4400000000000000
VT,8,2009,19.1800000000000000
VT,8,2010,19.2000000000000000
VT,8,2011,18.9800000000000000
VT,8,2012,19.9000000000000000
VT,9,2008,14.9400000000000000
VT,9,2009,13.3000000000000000
VT,9,2010,15.5600000000000000
VT,9,2011,16.1200000000000000
VT,9,2012,14.1500000000000000
VT,10,2008,6.8600000000000000
VT,10,2009,6.3400000000000000
VT,10,2010,7.3800000000000000
VT,10,2011,8.6800000000000000
VT,10,2012,9.9000000000000000
VT,11,2008,1.7000000000000000
VT,11,2009,4.2800000000000000
VT,11,2010,2.2750000000000000
VT,11,2011,5.2400000000000000
VT,11,2012,0.45000000000000000000
VT,12,2008,-5.2000000000000000
VT,12,2009,-4.8400000000000000
VT,12,2010,-5.6000000000000000
VT,12,2011,-1.6000000000000000
VT,12,2012,-1.9750000000000000
WA,1,2008,-3.9293333333333333
WA,1,2009,-0.48928571428571429000
WA,1,2010,0.88444444444444444000
WA,1,2011,-0.51000000000000000000
WA,1,2012,-1.3978260869565217
WA,2,2009,-0.31976744186046512000
WA,2,2010,1.2417582417582418
WA,2,2011,-2.5175824175824176
WA,3,2008,-0.65324675324675325000
WA,3,2009,-0.92584269662921348000
WA,3,2010,1.8804347826086957
WA,3,2011,1.00537634408602151000
WA,3,2012,0.08681318681318681319
WA,4,2008,0.96986301369863014000
WA,4,2009,3.7842696629213483
WA,4,2010,3.2064516129032258
WA,4,2011,1.02584269662921348000
WA,4,2012,4.2184782608695652
WA,5,2008,7.5858974358974359
WA,5,2009,8.2126436781609195
WA,5,2010,5.5872340425531915
WA,5,2011,4.9000000000000000
WA,5,2012,6.6395833333333333
WA,6,2008,9.6578313253012048
WA,6,2009,11.9000000000000000
WA,6,2010,9.4384615384615385
WA,6,2011,8.6421052631578947
WA,6,2012,8.2204081632653061
WA,7,2008,14.9833333333333333
WA,7,2009,17.1644444444444444
WA,7,2010,14.9565217391304348
WA,7,2011,11.9773195876288660
WA,7,2012,14.4622448979591837
WA,8,2008,14.4824175824175824
WA,8,2009,15.5115384615384615
WA,8,2010,14.1704081632653061
WA,8,2011,14.8072916666666667
WA,8,2012,15.9989473684210526
WA,9,2008,12.3164835164835165
WA,9,2009,12.9376470588235294
WA,9,2010,10.6463917525773196
WA,9,2011,13.7826530612244898
WA,9,2012,13.4432989690721650
WA,10,2008,6.0636363636363636
WA,10,2009,4.3460674157303371
WA,10,2010,6.8557894736842105
WA,10,2011,5.4845360824742268
WA,10,2012,6.3105263157894737
WA,11,2008,3.3329545454545455
WA,11,2009,1.2532608695652174
WA,11,2010,-0.12903225806451613000
WA,11,2011,-0.36842105263157895000
WA,11,2012,1.8500000000000000
WA,12,2008,-3.9609756097560976
WA,12,2009,-3.3417582417582418
WA,12,2010,-1.5168539325842697
WA,12,2011,-0.45106382978723404000
WA,12,2012,-1.8488372093023256
WI,1,2008,-9.8833333333333333
WI,1,2009,-13.9166666666666667
WI,1,2010,-9.6833333333333333
WI,1,2011,-11.0500000000000000
WI,1,2012,-5.9833333333333333
WI,2,2009,-6.4666666666666667
WI,2,2010,-6.7800000000000000
WI,2,2011,-6.9833333333333333
WI,3,2008,-3.1333333333333333
WI,3,2009,-0.75000000000000000000
WI,3,2010,3.3600000000000000
WI,3,2011,-1.6666666666666667
WI,3,2012,7.7500000000000000
WI,4,2008,5.8833333333333333
WI,4,2009,6.3166666666666667
WI,4,2010,10.2166666666666667
WI,4,2011,5.5166666666666667
WI,4,2012,7.3166666666666667
WI,5,2008,11.2333333333333333
WI,5,2009,13.1000000000000000
WI,5,2010,14.4500000000000000
WI,5,2011,12.6666666666666667
WI,5,2012,15.5333333333333333
WI,6,2008,17.6833333333333333
WI,6,2009,17.5166666666666667
WI,6,2010,18.1333333333333333
WI,6,2011,18.3000000000000000
WI,6,2012,20.1833333333333333
WI,7,2008,20.5166666666666667
WI,7,2009,17.7333333333333333
WI,7,2010,21.7333333333333333
WI,7,2011,22.9000000000000000
WI,7,2012,23.7333333333333333
WI,8,2008,19.1333333333333333
WI,8,2009,18.1166666666666667
WI,8,2010,21.3000000000000000
WI,8,2011,19.9666666666666667
WI,8,2012,19.5833333333333333
WI,9,2008,15.2333333333333333
WI,9,2009,16.0500000000000000
WI,9,2010,12.5400000000000000
WI,9,2011,13.6666666666666667
WI,9,2012,13.8166666666666667
WI,10,2008,8.0833333333333333
WI,10,2009,5.1666666666666667
WI,10,2010,8.4200000000000000
WI,10,2011,9.5600000000000000
WI,10,2012,6.7500000000000000
WI,11,2008,0.20000000000000000000
WI,11,2009,4.2166666666666667
WI,11,2010,1.01666666666666667000
WI,11,2011,2.2166666666666667
WI,11,2012,1.1833333333333333
WI,12,2008,-10.5833333333333333
WI,12,2009,-7.9833333333333333
WI,12,2010,-8.5000000000000000
WI,12,2011,-3.6500000000000000
WI,12,2012,-4.3833333333333333
WV,1,2008,-1.00000000000000000000
WV,1,2009,-2.6000000000000000
WV,1,2010,-3.3000000000000000
WV,1,2011,-2.8000000000000000
WV,1,2012,1.6000000000000000
WV,2,2009,1.3000000000000000
WV,2,2010,-3.2000000000000000
WV,2,2011,3.0000000000000000
WV,3,2008,5.7000000000000000
WV,3,2009,6.2000000000000000
WV,3,2010,5.5000000000000000
WV,3,2011,5.3000000000000000
WV,3,2012,11.3000000000000000
WV,4,2008,11.4000000000000000
WV,4,2009,11.4000000000000000
WV,4,2010,13.9000000000000000
WV,4,2011,13.4000000000000000
WV,4,2012,11.4000000000000000
WV,5,2008,14.1000000000000000
WV,5,2009,15.5000000000000000
WV,5,2010,17.2000000000000000
WV,5,2011,15.7000000000000000
WV,5,2012,17.8000000000000000
WV,6,2008,19.7000000000000000
WV,6,2009,19.4000000000000000
WV,6,2010,21.2000000000000000
WV,6,2011,19.9000000000000000
WV,6,2012,19.5000000000000000
WV,7,2008,20.1000000000000000
WV,7,2009,18.5000000000000000
WV,7,2010,21.9000000000000000
WV,7,2011,22.7000000000000000
WV,8,2008,18.7000000000000000
WV,8,2009,19.9000000000000000
WV,8,2010,21.5000000000000000
WV,8,2011,21.1000000000000000
WV,9,2008,17.7000000000000000
WV,9,2009,16.4000000000000000
WV,9,2010,17.7000000000000000
WV,9,2011,16.9000000000000000
WV,9,2012,16.5000000000000000
WV,10,2008,10.1000000000000000
WV,10,2009,9.8000000000000000
WV,10,2010,11.8000000000000000
WV,10,2011,10.2000000000000000
WV,10,2012,10.3000000000000000
WV,11,2008,3.7000000000000000
WV,11,2009,7.3000000000000000
WV,11,2010,6.4000000000000000
WV,11,2011,7.9000000000000000
WV,11,2012,3.9000000000000000
WV,12,2009,-0.30000000000000000000
WV,12,2010,-5.0000000000000000
WV,12,2011,3.5000000000000000
WV,12,2012,3.6000000000000000
WY,1,2008,-9.5241758241758242
WY,1,2009,-5.8489583333333333
WY,1,2010,-5.8656250000000000
WY,1,2011,-7.0938144329896907
WY,1,2012,-5.5222222222222222
WY,2,2009,-5.1164948453608247
WY,2,2010,-7.2071428571428571
WY,2,2011,-8.4568181818181818
WY,3,2008,-4.9750000000000000
WY,3,2009,-2.9701030927835052
WY,3,2010,-1.7878787878787879
WY,3,2011,-2.6676470588235294
WY,3,2012,0.63465346534653465000
WY,4,2008,-1.08750000000000000000
WY,4,2009,0.93125000000000000000
WY,4,2010,0.51938775510204082000
WY,4,2011,-1.01568627450980392000
WY,4,2012,3.2932038834951456
WY,5,2008,4.5000000000000000
WY,5,2009,6.3614583333333333
WY,5,2010,2.9262626262626263
WY,5,2011,3.1323529411764706
WY,5,2012,6.0931372549019608
WY,6,2008,9.6552083333333333
WY,6,2009,8.8322916666666667
WY,6,2010,9.8214285714285714
WY,6,2011,9.1868686868686869
WY,6,2012,12.8436893203883495
WY,7,2008,15.5297872340425532
WY,7,2009,13.5638297872340426
WY,7,2010,14.2326530612244898
WY,7,2011,15.0154639175257732
WY,7,2012,16.2191919191919192
WY,8,2008,14.1294736842105263
WY,8,2009,12.7000000000000000
WY,8,2010,13.1010309278350516
WY,8,2011,14.6070707070707071
WY,8,2012,15.2190000000000000
WY,9,2008,8.0687500000000000
WY,9,2009,10.6122448979591837
WY,9,2010,10.1386138613861386
WY,9,2011,10.0441176470588235
WY,9,2012,10.4942307692307692
WY,10,2008,3.2505376344086022
WY,10,2009,-0.80404040404040404000
WY,10,2010,4.8090000000000000
WY,10,2011,3.5079207920792079
WY,10,2012,2.3757281553398058
WY,11,2008,-0.62577319587628866000
WY,11,2009,-1.4696969696969697
WY,11,2010,-4.0580000000000000
WY,11,2011,-4.0339805825242718
WY,11,2012,-0.60686274509803922000
WY,12,2008,-8.0923913043478261
WY,12,2009,-10.5652173913043478
WY,12,2010,-5.5636363636363636
WY,12,2011,-6.9090000000000000
WY,12,2012,-7.2721153846153846
